-- MySQL dump 10.13  Distrib 5.7.28, for Linux (x86_64)
--
-- Host: localhost    Database: homestead
-- ------------------------------------------------------
-- Server version	5.7.28-0ubuntu0.18.04.4

/*!40101 SET @OLD_CHARACTER_SET_CLIENT=@@CHARACTER_SET_CLIENT */;
/*!40101 SET @OLD_CHARACTER_SET_RESULTS=@@CHARACTER_SET_RESULTS */;
/*!40101 SET @OLD_COLLATION_CONNECTION=@@COLLATION_CONNECTION */;
/*!40101 SET NAMES utf8 */;
/*!40103 SET @OLD_TIME_ZONE=@@TIME_ZONE */;
/*!40103 SET TIME_ZONE='+00:00' */;
/*!40014 SET @OLD_UNIQUE_CHECKS=@@UNIQUE_CHECKS, UNIQUE_CHECKS=0 */;
/*!40014 SET @OLD_FOREIGN_KEY_CHECKS=@@FOREIGN_KEY_CHECKS, FOREIGN_KEY_CHECKS=0 */;
/*!40101 SET @OLD_SQL_MODE=@@SQL_MODE, SQL_MODE='NO_AUTO_VALUE_ON_ZERO' */;
/*!40111 SET @OLD_SQL_NOTES=@@SQL_NOTES, SQL_NOTES=0 */;

--
-- Table structure for table `challenges`
--

DROP TABLE IF EXISTS `challenges`;
/*!40101 SET @saved_cs_client     = @@character_set_client */;
/*!40101 SET character_set_client = utf8 */;
CREATE TABLE `challenges` (
  `id` bigint(20) unsigned NOT NULL AUTO_INCREMENT,
  `user_id` bigint(20) NOT NULL,
  `step_id` bigint(20) NOT NULL,
  `challenge_flg` tinyint(1) NOT NULL,
  `created_at` timestamp NULL DEFAULT NULL,
  `updated_at` timestamp NULL DEFAULT NULL,
  `deleted_at` timestamp NULL DEFAULT NULL,
  PRIMARY KEY (`id`)
) ENGINE=InnoDB DEFAULT CHARSET=utf8mb4 COLLATE=utf8mb4_unicode_ci;
/*!40101 SET character_set_client = @saved_cs_client */;

--
-- Dumping data for table `challenges`
--

LOCK TABLES `challenges` WRITE;
/*!40000 ALTER TABLE `challenges` DISABLE KEYS */;
/*!40000 ALTER TABLE `challenges` ENABLE KEYS */;
UNLOCK TABLES;

--
-- Table structure for table `clears`
--

DROP TABLE IF EXISTS `clears`;
/*!40101 SET @saved_cs_client     = @@character_set_client */;
/*!40101 SET character_set_client = utf8 */;
CREATE TABLE `clears` (
  `id` bigint(20) unsigned NOT NULL AUTO_INCREMENT,
  `user_id` bigint(20) NOT NULL,
  `step_id` bigint(20) NOT NULL,
  `step_child_id` bigint(20) NOT NULL,
  `challenge_id` bigint(20) unsigned NOT NULL,
  `clear_flg` tinyint(1) NOT NULL,
  `created_at` timestamp NULL DEFAULT NULL,
  `updated_at` timestamp NULL DEFAULT NULL,
  `deleted_at` timestamp NULL DEFAULT NULL,
  PRIMARY KEY (`id`),
  KEY `clears_challenge_id_foreign` (`challenge_id`),
  CONSTRAINT `clears_challenge_id_foreign` FOREIGN KEY (`challenge_id`) REFERENCES `challenges` (`id`) ON DELETE CASCADE
) ENGINE=InnoDB DEFAULT CHARSET=utf8mb4 COLLATE=utf8mb4_unicode_ci;
/*!40101 SET character_set_client = @saved_cs_client */;

--
-- Dumping data for table `clears`
--

LOCK TABLES `clears` WRITE;
/*!40000 ALTER TABLE `clears` DISABLE KEYS */;
/*!40000 ALTER TABLE `clears` ENABLE KEYS */;
UNLOCK TABLES;

--
-- Table structure for table `migrations`
--

DROP TABLE IF EXISTS `migrations`;
/*!40101 SET @saved_cs_client     = @@character_set_client */;
/*!40101 SET character_set_client = utf8 */;
CREATE TABLE `migrations` (
  `id` int(10) unsigned NOT NULL AUTO_INCREMENT,
  `migration` varchar(191) COLLATE utf8mb4_unicode_ci NOT NULL,
  `batch` int(11) NOT NULL,
  PRIMARY KEY (`id`)
) ENGINE=InnoDB AUTO_INCREMENT=7 DEFAULT CHARSET=utf8mb4 COLLATE=utf8mb4_unicode_ci;
/*!40101 SET character_set_client = @saved_cs_client */;

--
-- Dumping data for table `migrations`
--

LOCK TABLES `migrations` WRITE;
/*!40000 ALTER TABLE `migrations` DISABLE KEYS */;
INSERT INTO `migrations` VALUES (1,'2014_10_12_000000_create_users_table',1),(2,'2014_10_12_100000_create_password_resets_table',1),(3,'2020_02_10_193724_create_steps_table',1),(4,'2020_02_10_193826_create_step_children_table',1),(5,'2020_03_03_174119_create_challenge_table',1),(6,'2020_03_03_174623_create_clear_table',1);
/*!40000 ALTER TABLE `migrations` ENABLE KEYS */;
UNLOCK TABLES;

--
-- Table structure for table `password_resets`
--

DROP TABLE IF EXISTS `password_resets`;
/*!40101 SET @saved_cs_client     = @@character_set_client */;
/*!40101 SET character_set_client = utf8 */;
CREATE TABLE `password_resets` (
  `email` varchar(191) COLLATE utf8mb4_unicode_ci NOT NULL,
  `token` varchar(191) COLLATE utf8mb4_unicode_ci NOT NULL,
  `created_at` timestamp NULL DEFAULT NULL,
  KEY `password_resets_email_index` (`email`)
) ENGINE=InnoDB DEFAULT CHARSET=utf8mb4 COLLATE=utf8mb4_unicode_ci;
/*!40101 SET character_set_client = @saved_cs_client */;

--
-- Dumping data for table `password_resets`
--

LOCK TABLES `password_resets` WRITE;
/*!40000 ALTER TABLE `password_resets` DISABLE KEYS */;
/*!40000 ALTER TABLE `password_resets` ENABLE KEYS */;
UNLOCK TABLES;

--
-- Table structure for table `step_children`
--

DROP TABLE IF EXISTS `step_children`;
/*!40101 SET @saved_cs_client     = @@character_set_client */;
/*!40101 SET character_set_client = utf8 */;
CREATE TABLE `step_children` (
  `id` bigint(20) unsigned NOT NULL AUTO_INCREMENT,
  `step_id` bigint(20) unsigned NOT NULL,
  `title` varchar(191) COLLATE utf8mb4_unicode_ci NOT NULL,
  `content` text COLLATE utf8mb4_unicode_ci NOT NULL,
  `created_at` timestamp NULL DEFAULT NULL,
  `updated_at` timestamp NULL DEFAULT NULL,
  `deleted_at` timestamp NULL DEFAULT NULL,
  PRIMARY KEY (`id`),
  KEY `step_children_step_id_foreign` (`step_id`),
  CONSTRAINT `step_children_step_id_foreign` FOREIGN KEY (`step_id`) REFERENCES `steps` (`id`) ON DELETE CASCADE
) ENGINE=InnoDB AUTO_INCREMENT=151 DEFAULT CHARSET=utf8mb4 COLLATE=utf8mb4_unicode_ci;
/*!40101 SET character_set_client = @saved_cs_client */;

--
-- Dumping data for table `step_children`
--

LOCK TABLES `step_children` WRITE;
/*!40000 ALTER TABLE `step_children` DISABLE KEYS */;
INSERT INTO `step_children` VALUES (1,33,'nihil','Sunt ipsam laborum ducimus rem distinctio eligendi quidem. Ut sit omnis facere aut enim adipisci debitis cumque.','2020-02-04 23:30:43','2020-02-15 23:30:43',NULL),(2,37,'reiciendis','Maxime consequuntur illo vero dignissimos inventore facilis et. Quia dolor aut officiis nihil totam quo. Est maxime saepe voluptas voluptas. Quibusdam qui id nulla soluta dolores atque occaecati ut.','2019-11-30 18:48:00','2019-12-09 18:48:00',NULL),(3,28,'et','Ducimus totam quidem ullam sunt. Aliquid enim dolores tempora sed quibusdam. Sequi dolorem labore iste aut voluptatem fugiat corrupti.','2020-01-14 04:04:45','2020-01-17 04:04:45',NULL),(4,29,'sint','Fugiat aut magni eum laborum. Officia ipsam laboriosam et est quis magnam. Vero non doloribus qui. Qui laboriosam quasi eos excepturi aut ex.','2020-01-07 07:14:54','2020-01-08 07:14:54',NULL),(5,40,'autem','Et officiis minus in ut voluptatem eveniet explicabo. Perferendis soluta mollitia earum hic praesentium inventore quod. Ad voluptatem amet eum quia.','2020-01-16 17:10:41','2020-01-26 17:10:41',NULL),(6,47,'eos','Vitae velit nobis rerum et qui corporis. Saepe voluptatibus dolore saepe non laboriosam.','2020-02-04 11:10:26','2020-02-09 11:10:26',NULL),(7,6,'qui','In asperiores ea aut sed minus nihil magni ea. Sunt aliquam laborum numquam atque praesentium repudiandae autem. Quidem rerum officia quaerat sed tempore accusamus. Quia velit minima et rerum cum.','2019-12-03 11:14:55','2019-12-18 11:14:55',NULL),(8,17,'atque','In repudiandae harum magni voluptas aut incidunt. Et placeat magni nam doloribus nisi voluptatem officiis provident. Odio incidunt qui et alias. Iusto quia corporis et harum expedita praesentium recusandae.','2020-01-04 21:48:36','2020-01-09 21:48:36',NULL),(9,30,'ipsam','At temporibus facilis nam est rerum quae id. Consequatur fugiat quo assumenda natus fugiat magni. Quis qui labore enim quisquam illum ipsum dolore. Dicta dolorem explicabo adipisci quibusdam tenetur tempore earum.','2019-12-03 18:40:00','2019-12-13 18:40:00',NULL),(10,26,'quia','Ipsum dolor enim porro et earum ducimus. Quia similique ut doloribus. Ut iste neque dolor nisi.','2020-01-02 21:01:23','2020-01-07 21:01:23',NULL),(11,18,'dolore','Distinctio nostrum voluptatum cupiditate voluptatibus blanditiis. Doloribus mollitia vero corporis maxime earum. Est facilis sit voluptate consequatur placeat minus sunt quam.','2020-02-13 13:45:47','2020-02-28 13:45:47',NULL),(12,13,'tempore','Debitis dolores aut animi aperiam optio sint. Autem vero et et consequatur omnis non. Voluptatem sit explicabo unde porro quidem dicta ducimus possimus.','2019-12-30 07:03:18','2020-01-03 07:03:18',NULL),(13,3,'sunt','Labore animi dolor voluptatem dolor corporis qui. Modi praesentium laudantium unde repudiandae voluptatem expedita soluta asperiores. Possimus officiis accusamus id et. Tenetur ut nihil omnis.','2020-02-06 06:40:57','2020-02-11 06:40:57',NULL),(14,24,'minus','Vel quo illum dolor. Est eligendi et eaque. Beatae consequuntur est et doloribus. Amet molestias dignissimos nesciunt quibusdam.','2020-01-21 12:01:55','2020-01-23 12:01:55',NULL),(15,17,'nostrum','Ut facilis cumque odio consequatur numquam distinctio et. Nobis quaerat est aut non inventore qui. Id placeat molestiae magni doloribus sequi autem.','2020-02-12 21:57:03','2020-02-15 21:57:03',NULL),(16,36,'sit','Nobis qui rerum voluptates saepe sint quos. Quibusdam nobis repudiandae ab est eos fugit.','2019-12-13 15:34:26','2019-12-28 15:34:26',NULL),(17,7,'distinctio','Et iusto saepe id dolore iure. Esse labore ea cupiditate dolorem cupiditate quia velit. Veniam exercitationem esse fugiat error incidunt est. Eaque et non dicta accusantium. Eligendi quos excepturi corporis minus quia.','2020-01-10 07:28:32','2020-01-17 07:28:32',NULL),(18,17,'quisquam','Veniam reiciendis maxime officia rerum quidem et magnam. Aliquid ad minus placeat dolorum maxime maiores qui.','2020-01-21 05:10:35','2020-01-22 05:10:35',NULL),(19,23,'et','Magnam quia tempore officiis voluptas pariatur. Saepe quo ut saepe id odio. Natus sapiente quaerat sapiente deserunt qui.','2019-11-27 02:43:44','2019-11-29 02:43:44',NULL),(20,43,'dolor','Est in ut beatae sed maxime iure qui et. Voluptas exercitationem sequi sed. Aspernatur aut aperiam molestias quia cumque saepe. Ea similique qui repudiandae molestiae voluptas sapiente.','2020-01-25 08:27:05','2020-02-02 08:27:05',NULL),(21,31,'quod','Doloribus praesentium qui dolor voluptatum. Voluptas eius nihil quisquam laborum exercitationem. Rerum sit suscipit est placeat nostrum. Veniam error eligendi animi quia perferendis et voluptas.','2020-02-15 21:36:30','2020-02-25 21:36:30',NULL),(22,19,'doloremque','Necessitatibus nam cum enim rem esse vel odio. Odio velit dolorem eum esse sed. Eveniet temporibus rerum est maxime.','2020-01-17 06:41:38','2020-01-29 06:41:38',NULL),(23,44,'suscipit','Adipisci quaerat quae dolores inventore dolores autem. Atque quod error est in dolore. Labore sint perferendis nam voluptatem sunt. Sunt voluptas et qui vero recusandae delectus. Ut qui nemo ut exercitationem at corporis.','2020-01-08 19:03:28','2020-01-15 19:03:28',NULL),(24,46,'repellat','Maxime quaerat itaque veniam maxime iure. Saepe beatae iusto deserunt consequatur aut velit. Eos qui eos qui et at.','2020-02-14 05:07:08','2020-02-25 05:07:08',NULL),(25,40,'eos','Et maiores reprehenderit ut vero praesentium dolore. Qui ut eius impedit ullam quis consequuntur. Excepturi voluptatum qui est ex impedit rerum.','2020-01-19 09:36:55','2020-01-23 09:36:55',NULL),(26,47,'sed','Culpa delectus voluptatem eius minus dolores. Nemo explicabo est consequatur et.','2020-02-15 13:29:28','2020-02-28 13:29:28',NULL),(27,30,'voluptatem','Aut saepe ea et nemo perferendis et. Veritatis eveniet ratione et tempore. Minima sed quisquam rerum ad nulla voluptas alias.','2019-11-21 23:52:37','2019-11-24 23:52:37',NULL),(28,23,'minus','Eos similique natus molestiae non. Repellendus culpa enim delectus adipisci sequi. Voluptatem corrupti enim aut iure iste veritatis.','2019-12-29 23:41:24','2020-01-02 23:41:24',NULL),(29,40,'nihil','Sed expedita earum quis aliquid vero voluptatem cumque. Ea qui aspernatur optio ut velit. Non ut aut delectus est non voluptatem.','2019-12-21 15:33:43','2020-01-01 15:33:43',NULL),(30,32,'perferendis','Voluptas sint aliquid mollitia quas alias dolor odit. Sed pariatur enim aut qui laborum veniam nam. Mollitia tempora qui quis ea earum amet tempore.','2019-12-20 05:38:09','2019-12-28 05:38:09',NULL),(31,9,'omnis','Consequatur necessitatibus iure repudiandae asperiores. Nihil nemo repellendus earum eaque ut. Ut quis quisquam et ut voluptate.','2019-11-22 03:45:54','2019-11-26 03:45:54',NULL),(32,50,'vitae','Placeat blanditiis accusamus quos unde. Aut sequi et voluptatem asperiores sed tempora nam illum. Nihil est aliquid enim corrupti omnis cumque. Recusandae aut quia et dolorem molestias eveniet.','2020-01-12 15:40:29','2020-01-26 15:40:29',NULL),(33,2,'rerum','Ad rerum qui quisquam consequatur nostrum. Dolores dolorum odio dolore non ipsum rerum. A veniam temporibus magni culpa.','2019-12-22 12:03:14','2019-12-23 12:03:14',NULL),(34,36,'fugit','Dolores voluptatem laborum sed similique rerum qui minima. Enim alias eveniet quaerat enim eius. Voluptatem nulla est non nam et ut maxime. Cum quo excepturi perferendis aut quo placeat.','2019-12-24 11:12:20','2020-01-05 11:12:20',NULL),(35,5,'porro','Sint ipsa itaque ex ad excepturi. Dolore non voluptatibus voluptatem sit. Dolor hic quod dolorem ea voluptatem. Veniam placeat aut architecto aut ut reiciendis.','2019-12-09 21:42:21','2019-12-19 21:42:21',NULL),(36,8,'non','Ipsam omnis commodi excepturi. Repellendus dolorem quas harum dicta doloribus consequatur minus. Consectetur ab mollitia blanditiis similique voluptates impedit illo.','2020-01-26 07:24:21','2020-02-01 07:24:21',NULL),(37,6,'et','Ut iste aut veritatis ut neque accusamus voluptatem debitis. Assumenda consequuntur doloribus similique quibusdam. Earum rem quia quibusdam nam harum labore. Esse explicabo eum ipsa quia eos repudiandae vitae.','2020-01-19 01:54:01','2020-01-21 01:54:01',NULL),(38,43,'sed','Laudantium deleniti sit aut et placeat dicta. Optio amet accusamus sed repellendus. Quia et et necessitatibus distinctio perferendis. Aut perspiciatis dicta dolor quia quas.','2020-02-08 06:34:23','2020-02-20 06:34:23',NULL),(39,38,'quos','Quae modi dicta aut. Veritatis quia autem quos qui corrupti.','2019-12-20 11:42:41','2019-12-22 11:42:41',NULL),(40,36,'omnis','Est dolorem nesciunt ex itaque. Doloribus voluptatem veritatis exercitationem sit vitae alias. Natus laudantium odio ullam fugiat praesentium voluptatum nobis. Est nihil ut nihil quis recusandae esse quia error.','2019-12-09 06:53:24','2019-12-16 06:53:24',NULL),(41,19,'aut','Adipisci magni nobis est in minus nihil. Sapiente natus commodi animi ea natus ratione. Fugit consequuntur et facere eveniet repudiandae labore quia officiis. Earum aut earum eaque soluta.','2019-12-14 11:29:49','2019-12-18 11:29:49',NULL),(42,19,'animi','Adipisci enim rem autem aut. Ut eaque soluta qui quod quidem amet veniam corporis. Soluta a ut minus a. Fugit sed rerum expedita in.','2020-01-20 06:23:04','2020-02-02 06:23:04',NULL),(43,6,'fuga','Sed rem odit culpa deserunt aut ipsa. Velit animi excepturi dolores cumque tempore dolores quibusdam odit. Soluta quae sunt nemo est cumque. Animi pariatur ipsum repellat.','2019-11-13 12:39:27','2019-11-23 12:39:27',NULL),(44,31,'nulla','Vero ipsum necessitatibus laboriosam velit quisquam quasi. Error aliquam asperiores omnis est et rerum iusto.','2020-02-09 02:28:28','2020-02-20 02:28:28',NULL),(45,42,'et','Iure eveniet consequuntur unde voluptates. Iure rem nisi ducimus ad quo error consequatur eveniet. Qui aut et quas fugit modi earum. Occaecati veniam mollitia sed. Voluptas deserunt quaerat culpa asperiores expedita neque error.','2020-02-15 15:39:16','2020-02-20 15:39:16',NULL),(46,1,'et','Doloribus dolor illo harum vel aut fuga ut. Cumque ex fugit facilis illum. Ipsam eos dignissimos dolor quas quos. Ut et natus qui nobis amet unde.','2020-01-06 08:20:22','2020-01-17 08:20:22',NULL),(47,18,'occaecati','Perspiciatis quo quisquam minus occaecati quae aut assumenda. At est porro corporis dolor vero dolor. Non inventore maiores eaque velit sint quisquam quas.','2020-01-07 00:13:13','2020-01-18 00:13:13',NULL),(48,25,'reiciendis','Delectus ea fugiat fugit quis est voluptas. Minima deleniti nesciunt officia. Corporis qui minima eos reprehenderit natus quae ex voluptatibus. Aut eligendi veniam et omnis.','2019-11-21 09:00:11','2019-11-22 09:00:11',NULL),(49,9,'id','Et laboriosam eos alias atque quo veritatis. Optio enim at quidem ea fugit debitis et. Aliquam aliquid sed error iusto et aut magnam. Sed est omnis consequuntur enim nulla.','2020-01-08 06:19:23','2020-01-14 06:19:23',NULL),(50,45,'est','Non commodi doloribus totam deserunt provident eveniet deserunt. Harum sit provident quidem recusandae ratione qui voluptas. Autem consequatur soluta aspernatur eum distinctio.','2019-12-01 14:55:44','2019-12-08 14:55:44',NULL),(51,26,'qui','Accusamus debitis consequuntur aliquam enim cumque quam veritatis sunt. Consectetur veritatis dolor quis sit fugiat nesciunt. Voluptatum nostrum maiores beatae non. Beatae voluptas ad vero aut et.','2020-01-30 13:49:48','2020-02-08 13:49:48',NULL),(52,17,'quia','Earum non animi rem ratione aut vero rerum. Deserunt eum repellat modi assumenda. Eius iste dignissimos aut aut ipsam officiis. Reiciendis quos cum animi asperiores porro vel.','2019-11-17 02:34:32','2019-11-20 02:34:32',NULL),(53,31,'voluptates','Quis doloribus dicta iste tenetur non aut quo quos. Velit voluptatem temporibus nihil rerum aspernatur. Et sit delectus ea ut et ut dolores. Consequatur quos neque laborum. Aut voluptates ad aspernatur illo.','2020-01-18 02:06:13','2020-01-23 02:06:13',NULL),(54,6,'aliquam','Pariatur et vel qui. Saepe qui voluptatibus autem iure numquam sunt. Magni molestias et enim vel deleniti voluptatem mollitia. Magnam possimus qui quasi eum.','2019-11-11 08:48:55','2019-11-20 08:48:55',NULL),(55,28,'pariatur','Voluptas quaerat non rem est vel quibusdam fuga. Cupiditate doloribus qui ex neque quibusdam error veritatis. Omnis beatae totam consequatur dolorem explicabo. Aut amet qui incidunt officia.','2019-12-07 23:03:28','2019-12-17 23:03:28',NULL),(56,25,'est','Repellat nihil dolorem neque laudantium occaecati ut quam consequatur. Tempora sapiente hic qui nobis laboriosam possimus dolorem. Vel laborum velit eum perspiciatis labore excepturi porro quibusdam. Enim aut optio est nesciunt veritatis.','2020-01-08 05:44:57','2020-01-18 05:44:57',NULL),(57,34,'autem','Suscipit dicta consequatur eius tenetur et et. Quo fugiat vel ut. Tenetur ea fugit illo aliquid sint quibusdam.','2019-11-15 06:28:41','2019-11-30 06:28:41',NULL),(58,29,'eum','Quia dolor est accusantium quisquam optio. Inventore nihil alias facere labore modi quo.','2020-01-26 23:51:03','2020-02-03 23:51:03',NULL),(59,44,'labore','Placeat error fuga aperiam ad a. Nihil iste sit animi et consequatur tempore deserunt. Aliquid omnis nostrum non ex explicabo accusantium.','2019-12-21 10:38:20','2019-12-26 10:38:20',NULL),(60,30,'ut','Consequuntur tempore ad ipsam facere ad laborum quis. Voluptas aut voluptatibus quod. Enim praesentium ea totam voluptate.','2019-11-24 16:22:12','2019-12-04 16:22:12',NULL),(61,25,'et','Distinctio fugit eum in. Assumenda numquam aut et aut quo eius qui rem. Magnam nihil ut quia eos. Nemo consequatur culpa eos magni sed ut natus. Rerum eum facere et et et commodi.','2020-01-06 23:00:39','2020-01-18 23:00:39',NULL),(62,2,'cumque','Quaerat eligendi possimus omnis quas eos nisi cumque. Architecto harum reprehenderit sit unde. Ratione non cum autem vero iste accusamus.','2019-11-14 08:45:44','2019-11-18 08:45:44',NULL),(63,10,'autem','Excepturi mollitia quam aut in accusamus. Rerum aut ut aut. Deleniti ab sed amet ipsam velit voluptatum aut.','2020-01-02 04:39:28','2020-01-15 04:39:28',NULL),(64,50,'animi','Exercitationem earum et autem vero sunt facere. Animi qui accusantium aut veritatis reiciendis eveniet iure cum. Omnis odit soluta iusto qui id. Amet odit nihil nobis voluptate aut dolores.','2020-02-11 01:50:13','2020-02-15 01:50:13',NULL),(65,9,'ullam','Sit quo cumque aliquam necessitatibus eligendi. Repudiandae eaque expedita dignissimos accusamus. Voluptatem dignissimos officia quos et sit. Expedita cum aspernatur ipsum repellendus et pariatur.','2019-12-22 17:08:49','2019-12-31 17:08:49',NULL),(66,20,'totam','Facilis temporibus quo officiis error neque. Nobis similique aliquam modi neque. Eius incidunt perferendis voluptas pariatur facilis ut. Ut sunt eum reprehenderit ipsam ea velit corrupti ipsum.','2020-02-14 14:11:33','2020-02-29 14:11:33',NULL),(67,49,'qui','Qui dicta ab error fuga. Cupiditate eos maiores qui eos quia cum sed. Similique sunt vel esse ut blanditiis.','2019-12-24 10:24:16','2020-01-05 10:24:16',NULL),(68,39,'suscipit','Et ut quasi doloribus a accusamus id quis. Cupiditate dolore recusandae necessitatibus quasi.','2020-01-11 09:31:50','2020-01-20 09:31:50',NULL),(69,5,'id','Tempora consequatur reiciendis incidunt vitae. Eligendi quia accusamus ea cumque excepturi. Quia voluptates a accusamus sed. Asperiores maxime recusandae exercitationem sed et.','2019-11-20 05:16:07','2019-11-23 05:16:07',NULL),(70,31,'at','Voluptatum enim harum nam magnam pariatur. Ipsum rem vitae sint animi velit. Esse veritatis eligendi autem ut odit temporibus. Enim illum necessitatibus error quisquam qui aut sit.','2019-12-08 18:41:56','2019-12-17 18:41:56',NULL),(71,48,'a','Placeat vel distinctio illo sequi rerum in. Quia qui ratione quod est doloribus aspernatur. Voluptatibus optio architecto ut quibusdam nesciunt. Et nihil eum nesciunt adipisci impedit qui iusto.','2020-01-19 04:59:16','2020-01-22 04:59:16',NULL),(72,48,'velit','Aliquam velit molestiae culpa voluptatem. Et officia quasi id. Consequuntur quibusdam quo voluptates quo quo natus.','2020-01-31 18:50:37','2020-02-08 18:50:37',NULL),(73,34,'hic','Et minus voluptatum earum nam. Quasi a iusto rerum corporis iure. Facilis neque sed ipsam quis id. Vel rerum qui quasi odio veritatis.','2019-11-11 05:03:09','2019-11-16 05:03:09',NULL),(74,43,'iure','Facere distinctio pariatur exercitationem temporibus exercitationem inventore. Fuga consectetur labore voluptas id. Dolorum molestiae quis dolorem nesciunt. Voluptatibus velit vero autem.','2019-12-06 16:17:50','2019-12-13 16:17:50',NULL),(75,3,'itaque','Quod beatae veniam id atque. Laudantium et accusamus cum soluta molestias error commodi. Fugiat tempora quidem aperiam cum voluptas adipisci aut. Sunt adipisci consequatur nihil deserunt rem facere.','2019-12-03 14:50:16','2019-12-10 14:50:16',NULL),(76,22,'in','Nemo dolores velit et molestiae distinctio. Tenetur ex sint amet sed provident quia non. Quos necessitatibus sequi ut assumenda voluptatem.','2019-12-29 02:27:11','2020-01-11 02:27:11',NULL),(77,10,'ipsam','Voluptate voluptas dolorum amet aut. Omnis fugit quis quia rerum enim. Velit praesentium maxime deleniti ducimus. Minus et est amet quia id dicta.','2019-11-16 16:34:45','2019-11-19 16:34:45',NULL),(78,49,'itaque','Nobis tempore ut veniam qui. Nisi praesentium odio maxime sit. Quam ipsum est quaerat pariatur voluptatem. Nesciunt enim beatae error quasi.','2020-01-11 15:35:56','2020-01-19 15:35:56',NULL),(79,13,'neque','Et itaque nobis assumenda harum odit. Est vel est eius molestiae. Fugit rem velit qui aspernatur. Pariatur optio ab quo ut iure.','2019-12-04 14:16:27','2019-12-07 14:16:27',NULL),(80,1,'doloremque','Architecto sed voluptas possimus ut libero molestias culpa. Autem doloribus et voluptatum unde omnis. Dolorem eum earum in delectus in sunt.','2020-02-10 01:54:58','2020-02-16 01:54:58',NULL),(81,29,'accusamus','Placeat tempora quas est itaque. Neque et aut aut aut quidem aperiam. Et quisquam qui eum eaque. Vero sunt sit voluptas.','2019-12-19 14:02:33','2020-01-03 14:02:33',NULL),(82,45,'enim','Earum veritatis iure ut. Tempore dolores accusantium totam praesentium ipsam expedita. Et totam facilis ut error autem officia.','2020-02-17 10:12:51','2020-02-26 10:12:51',NULL),(83,33,'nesciunt','Iusto iste cumque quae laboriosam amet sint. Nemo eligendi est ex voluptatem. Iste iste accusantium sed exercitationem quia minus velit.','2020-02-06 06:29:40','2020-02-15 06:29:40',NULL),(84,3,'quas','Molestiae quia unde at. Magni facilis fugiat et enim molestias in commodi saepe. Voluptatum velit impedit perspiciatis reprehenderit ut reprehenderit voluptatem. Aliquam odit et pariatur aut neque qui.','2019-12-24 07:22:36','2020-01-02 07:22:36',NULL),(85,39,'delectus','Quibusdam expedita sit in dignissimos. Rerum aspernatur itaque iste. Assumenda expedita odit voluptas eos praesentium. Rem repellat quia nemo placeat totam optio tempora.','2020-01-25 11:22:07','2020-01-30 11:22:07',NULL),(86,8,'perferendis','In ullam perferendis occaecati sed. Ratione aut ab quisquam porro id eum voluptatem. Non esse repellat dolor saepe molestiae.','2019-12-04 13:57:38','2019-12-05 13:57:38',NULL),(87,9,'vel','Saepe omnis sint totam ea qui consequatur cumque nulla. Voluptatem rerum quia nisi rerum eaque in sunt. Ipsam iste reprehenderit minus nemo aspernatur. Sed non ut quisquam officiis.','2019-12-17 06:48:41','2019-12-25 06:48:41',NULL),(88,46,'vero','Soluta fugit tenetur laborum quia. Accusantium enim rerum esse possimus quia explicabo. Non rerum est eius qui iusto qui. Architecto hic nisi ut tempore tempora dolores voluptatem.','2019-12-02 18:59:43','2019-12-03 18:59:43',NULL),(89,34,'cupiditate','Repellat nobis neque quasi mollitia debitis ipsum. Sed quia sapiente nihil quo voluptatem reiciendis. Recusandae magni tempora et.','2020-02-07 06:13:20','2020-02-19 06:13:20',NULL),(90,18,'dolor','Quia rem quam possimus et atque cum ut ea. Nihil nostrum non vero dolor similique neque. Natus sapiente molestiae delectus blanditiis incidunt provident.','2019-12-18 21:07:31','2020-01-01 21:07:31',NULL),(91,38,'quos','Ut velit omnis praesentium beatae iusto. Et dolorem culpa ut vel voluptas pariatur ipsa.','2020-01-05 23:59:08','2020-01-17 23:59:08',NULL),(92,43,'dolorem','Minima saepe laborum nesciunt omnis. Eos incidunt sed quo. Commodi unde ab ut impedit aut velit. Sapiente molestias ut inventore voluptas temporibus occaecati. Aut quam amet omnis doloribus recusandae illo illum id.','2019-11-30 10:45:31','2019-12-12 10:45:31',NULL),(93,25,'laudantium','Maxime quae vel veritatis et dolor ut. Ratione tempore debitis ratione quidem. Labore nihil tempore debitis porro sapiente. Eveniet sunt nobis quod fuga dolores sunt.','2020-01-19 15:49:59','2020-01-31 15:49:59',NULL),(94,15,'sint','Accusamus enim ea voluptates beatae. Maiores quibusdam quis veritatis velit ducimus.','2020-01-27 23:54:29','2020-02-08 23:54:29',NULL),(95,15,'debitis','Enim tempora veritatis dolore. Ad distinctio ipsum quibusdam nemo ratione quaerat fuga. Quia ea veritatis laborum velit maiores facilis harum. A et eum perferendis inventore laboriosam.','2020-01-08 17:24:37','2020-01-22 17:24:37',NULL),(96,23,'sint','Sed nostrum delectus temporibus aliquid sint ab. Incidunt voluptas molestias ea impedit dignissimos corrupti id molestiae. Maiores voluptatem quasi adipisci quis. Est aspernatur officiis tempora voluptatum.','2020-01-15 13:23:26','2020-01-29 13:23:26',NULL),(97,31,'molestias','Consectetur est consequatur est incidunt tempore aperiam est. Sit repudiandae labore dolorem distinctio et nesciunt. Vero a cum quae labore.','2020-02-17 23:10:00','2020-02-28 23:10:00',NULL),(98,4,'commodi','Voluptas ratione non earum rerum. Ut est ipsam quia natus laboriosam facere. Occaecati nemo aut voluptas ea. Dolores tenetur est voluptas.','2020-01-13 11:09:53','2020-01-20 11:09:53',NULL),(99,40,'dicta','Velit dolor mollitia reprehenderit in qui ut. Ut animi minus doloribus. Voluptatum consectetur non similique ducimus eum. Recusandae ea eligendi minima animi est.','2019-12-07 13:54:58','2019-12-10 13:54:58',NULL),(100,37,'vitae','Ut dicta eum quibusdam consectetur eaque dolores a. Eaque modi et dolores. Quas et ut natus ut quod. Necessitatibus odio blanditiis assumenda. Nostrum odit delectus iusto qui minus et repudiandae.','2020-01-06 03:07:56','2020-01-14 03:07:56',NULL),(101,25,'adipisci','Sapiente saepe consequatur inventore officia. Magnam quo consequatur error. Repellat et laboriosam doloribus. Ipsam laboriosam incidunt iusto facere vero est.','2020-01-03 04:39:30','2020-01-18 04:39:30',NULL),(102,46,'rerum','Natus corrupti in eaque est. Reprehenderit aliquam perspiciatis illum non quam quo voluptate autem. Praesentium possimus quo adipisci nihil repellat in provident. Quis eius iusto labore.','2020-02-08 08:35:17','2020-02-13 08:35:17',NULL),(103,44,'temporibus','Qui quidem vel doloremque est cupiditate iure temporibus. Eveniet et cum velit dolor. Dolorem ut voluptas totam possimus non qui. Rerum ex inventore libero ut. Iste sequi repellendus perspiciatis totam eos rerum est.','2020-02-10 19:32:17','2020-02-16 19:32:17',NULL),(104,46,'et','Est odit architecto fugiat aspernatur architecto vel et. Laboriosam officia et repudiandae consectetur qui deserunt. Consequatur corrupti inventore debitis sunt nobis qui dolore harum. Eius rerum dolor tenetur ut aut.','2019-12-12 07:53:02','2019-12-15 07:53:02',NULL),(105,23,'mollitia','Ut ut ab ipsum est reprehenderit sed. Perferendis occaecati eum voluptatem iusto totam. Consequatur iusto labore quidem sed aut qui. Nobis error eveniet consequuntur quasi eius eum ut reprehenderit.','2020-02-02 04:33:34','2020-02-06 04:33:34',NULL),(106,47,'est','Quia at eos et at molestiae. Aspernatur eaque consequatur totam. Harum voluptate et alias fuga sint. Officiis corrupti reprehenderit blanditiis distinctio facilis non.','2020-01-03 02:18:55','2020-01-15 02:18:55',NULL),(107,46,'sed','Id maxime nihil magnam rerum aperiam ea. Officiis minus voluptatem iste omnis et.','2019-12-03 12:02:23','2019-12-16 12:02:23',NULL),(108,24,'perferendis','Officia et sint animi veritatis vel qui et. Quisquam modi voluptates ut. Maxime eveniet non tempore.','2019-12-13 03:06:39','2019-12-17 03:06:39',NULL),(109,49,'quia','Eius ut voluptas repellat necessitatibus possimus ab. Sed provident nesciunt dicta vel. Velit at officia animi quasi ab odio.','2019-12-18 04:47:42','2019-12-31 04:47:42',NULL),(110,47,'aut','Voluptates quia cupiditate numquam eveniet quis est iusto porro. Mollitia iure cupiditate culpa ipsum quasi minus. Similique sint voluptates quisquam itaque molestiae.','2020-01-06 06:07:36','2020-01-16 06:07:36',NULL),(111,17,'voluptatibus','Sint eos quae corrupti quia nesciunt mollitia et. Nemo soluta et animi sequi. Ad iste debitis enim asperiores assumenda unde itaque.','2020-01-23 05:25:29','2020-02-01 05:25:29',NULL),(112,45,'cum','Rem ipsa eaque non aut consequuntur odio. Corporis veritatis quibusdam id sint illum eligendi quo. Numquam rem earum sapiente dolorem pariatur ipsum. Est dicta cum aut excepturi debitis deserunt rerum molestiae. Illo exercitationem maiores reprehenderit laboriosam ratione.','2019-12-01 19:15:37','2019-12-07 19:15:37',NULL),(113,14,'id','Voluptatibus dolorum repellat maiores impedit voluptas magnam. Alias quisquam mollitia qui ducimus et quaerat in. Esse illum est perspiciatis ut velit vitae nam. Corporis ullam est non minus enim.','2019-12-14 04:35:29','2019-12-17 04:35:29',NULL),(114,42,'iure','Quos consequuntur qui provident in. Voluptatem corrupti alias enim amet sequi officia omnis quaerat. Est dolorem quod distinctio consequatur. Amet nemo modi atque ipsam beatae eaque soluta.','2019-11-13 01:45:33','2019-11-17 01:45:33',NULL),(115,11,'quaerat','Quam eius natus incidunt et. Eum voluptas quasi qui consequatur placeat et exercitationem rerum. Ea sint et numquam voluptatem.','2020-01-23 16:55:22','2020-02-04 16:55:22',NULL),(116,43,'delectus','Consectetur eum autem cupiditate officia qui voluptatum et aut. Voluptatem provident animi nam quia occaecati quam et nisi. Reprehenderit quo qui eaque consequatur repellat iure consequatur.','2019-12-02 08:43:55','2019-12-16 08:43:55',NULL),(117,29,'dolorum','Repudiandae nam sed eos id. Tempore quo sed dolorum nesciunt eos voluptatum explicabo. Reiciendis voluptas maxime provident tempore alias repudiandae.','2020-02-06 12:45:02','2020-02-10 12:45:02',NULL),(118,6,'magni','Et est quibusdam quas cumque deserunt ut. Et ab quidem est vero amet sint aut. Non et omnis exercitationem sed. Qui suscipit rerum sunt sed modi.','2020-02-02 08:09:45','2020-02-09 08:09:45',NULL),(119,3,'voluptatum','Dolore distinctio quia explicabo itaque neque saepe qui. Non et animi deserunt quae officia ut deserunt. Tempore corporis quo quaerat eum et nihil aliquid quibusdam. Vel quisquam dolores nam repudiandae impedit.','2020-02-01 01:55:54','2020-02-04 01:55:54',NULL),(120,39,'doloremque','Eveniet architecto est quidem deserunt accusantium est. Labore aut et qui itaque rerum qui in. Dolor vel pariatur deserunt. Corrupti sit voluptas quis consequatur doloremque sequi laboriosam. Debitis rem ullam consequatur eveniet laboriosam corporis ex.','2020-01-09 01:35:30','2020-01-23 01:35:30',NULL),(121,22,'nesciunt','Et qui sit itaque vitae expedita laboriosam. Et cum qui nihil omnis. Delectus sapiente rem et est. Hic culpa hic ut provident laboriosam totam debitis.','2020-02-05 16:19:25','2020-02-09 16:19:25',NULL),(122,34,'est','Repellendus eum ipsam quo est quisquam ducimus. Cupiditate sit nihil et voluptatem nihil. Commodi sint tenetur non aliquid omnis et.','2019-12-12 20:03:20','2019-12-22 20:03:20',NULL),(123,7,'ut','Odit vitae praesentium ab aut. Unde et optio id repudiandae dolor. Velit repellendus aut reiciendis suscipit.','2020-02-06 07:41:33','2020-02-08 07:41:33',NULL),(124,9,'aperiam','Ut consequuntur laboriosam porro earum dolores ipsa. Nisi dolores deleniti delectus maiores totam. Error aspernatur cum adipisci aut non non id.','2019-11-16 02:38:40','2019-11-20 02:38:40',NULL),(125,4,'quibusdam','Adipisci doloremque et corporis. Unde officiis assumenda iusto asperiores id tempora. Quae nisi odio quibusdam iure magni accusantium.','2019-11-10 17:45:29','2019-11-19 17:45:29',NULL),(126,9,'numquam','Facere vel dignissimos voluptatem voluptas et. Facilis expedita quia ut non molestias.','2020-02-17 14:02:26','2020-03-03 14:02:26',NULL),(127,32,'provident','Debitis est nesciunt omnis quia quod. Enim corporis cupiditate reprehenderit incidunt. Deleniti qui asperiores corrupti ipsam.','2020-01-14 00:26:24','2020-01-17 00:26:24',NULL),(128,37,'libero','Nam fugit fugiat perferendis officiis. Voluptatem omnis aperiam aut. Et beatae sunt tempore.','2020-02-03 16:25:39','2020-02-16 16:25:39',NULL),(129,37,'aliquid','Voluptatum sunt mollitia quo architecto enim repellat ab. Itaque cupiditate temporibus nihil velit aut. Temporibus alias dolorem facilis fuga fugiat et. Sequi doloribus dolor ullam.','2020-01-09 18:47:09','2020-01-17 18:47:09',NULL),(130,44,'sequi','Atque cupiditate iure explicabo. Inventore sint nobis minima vel molestias sunt. Est voluptatem enim corporis natus quidem. Sunt qui sit incidunt fuga minima expedita omnis harum.','2020-01-24 22:35:42','2020-02-07 22:35:42',NULL),(131,5,'id','Dicta unde rem suscipit quia voluptatem et. Dicta voluptatibus aliquid nesciunt qui. Modi porro non itaque at doloremque. Earum ut quia ducimus voluptatem quam.','2019-12-21 06:02:32','2020-01-05 06:02:32',NULL),(132,31,'sit','Quas non laborum quis mollitia necessitatibus. Veniam est architecto laborum consequatur deserunt sequi.','2019-12-08 05:44:58','2019-12-14 05:44:58',NULL),(133,15,'explicabo','Sit ea quia a maxime vel et. Assumenda accusantium dolorum cumque impedit. Nemo harum occaecati neque dolorem corporis doloribus nihil. Eveniet velit dicta et id omnis.','2019-11-18 22:36:10','2019-11-24 22:36:10',NULL),(134,4,'atque','Et quaerat fuga aut quidem adipisci. Cupiditate minus ut pariatur inventore. Consequatur repudiandae magnam iusto eum odio dignissimos itaque.','2019-12-28 10:41:44','2019-12-29 10:41:44',NULL),(135,30,'reiciendis','Dolor ut sed itaque ex. Esse ut voluptatibus quibusdam. Minima occaecati laudantium aut et sit assumenda labore omnis.','2020-01-28 19:54:29','2020-02-08 19:54:29',NULL),(136,20,'est','Impedit quibusdam nam molestiae aut. Ut at tempora odio ipsam. Fugiat iste adipisci incidunt esse nam facilis aut. Impedit quia ab quis quia.','2019-11-17 05:10:09','2019-11-21 05:10:09',NULL),(137,41,'temporibus','Numquam quos reprehenderit ex architecto quibusdam magnam. Nihil saepe ratione ipsum architecto ipsa fugiat. Voluptas aut adipisci possimus corrupti.','2020-01-11 01:41:54','2020-01-15 01:41:54',NULL),(138,7,'quibusdam','Exercitationem tempora et vitae accusantium nulla autem. Molestiae incidunt cupiditate sapiente ab velit non ad. Ipsum rerum voluptate quia est consequatur eveniet aut.','2020-02-01 00:27:36','2020-02-03 00:27:36',NULL),(139,3,'consequatur','Amet atque illo at reprehenderit. Atque quos in ut voluptas quia. Illum eos consectetur officiis ratione velit eum esse. Quia consequatur error praesentium quia accusantium ea debitis. Esse alias possimus suscipit labore qui.','2020-01-04 14:06:50','2020-01-06 14:06:50',NULL),(140,1,'iusto','Eos asperiores consequatur nobis quod quo nam voluptate. Ullam ipsum aut dolor ab eligendi laudantium rerum. Iste odit praesentium nemo in.','2020-01-14 09:39:06','2020-01-15 09:39:06',NULL),(141,19,'sed','Sint libero magnam in ratione debitis quos est qui. Adipisci a quia explicabo officia voluptas debitis. Nulla impedit omnis accusamus magni non ipsum.','2020-02-08 19:28:03','2020-02-12 19:28:03',NULL),(142,27,'tenetur','Perferendis aut omnis odit vero voluptas. Voluptate aliquam vero dolor commodi. Et id tempora veniam omnis eveniet quaerat commodi est. Omnis voluptates qui ea officiis est fuga sed. At nobis quibusdam nemo aut qui officiis consequatur.','2020-01-03 17:56:47','2020-01-11 17:56:47',NULL),(143,4,'ut','Nam eos aliquam voluptatem temporibus iusto vero. Amet ut recusandae laboriosam perferendis est rerum nulla quia. Voluptates iure vero ipsam sed ipsum modi. Provident enim facilis illum amet qui.','2019-11-12 20:22:03','2019-11-26 20:22:03',NULL),(144,2,'eaque','Aliquid autem corrupti sit in. Consequatur quis ipsum ab. Ipsum error at dolores assumenda nesciunt.','2019-11-23 03:57:42','2019-11-28 03:57:42',NULL),(145,1,'tempore','Magni est consectetur quia veritatis accusantium repudiandae voluptas. Enim placeat debitis facere quia ipsa eum.','2019-12-14 06:49:41','2019-12-28 06:49:41',NULL),(146,40,'nisi','Dolorem dignissimos tempora perspiciatis praesentium animi porro soluta qui. Vero pariatur recusandae voluptatum aut.','2019-11-10 16:55:15','2019-11-15 16:55:15',NULL),(147,18,'repudiandae','Qui voluptas ipsam iste reprehenderit corrupti sequi qui earum. At aut quia reprehenderit blanditiis molestiae aspernatur molestiae sint. Ipsa modi vel quisquam rerum. Ut odio molestiae voluptates aliquid dicta non. Quod quidem delectus cumque eius cum iste molestias.','2020-01-17 11:39:25','2020-02-01 11:39:25',NULL),(148,19,'ut','Vitae veritatis consequatur quisquam perspiciatis adipisci laudantium aut et. Aut laborum aliquid ab rerum.','2019-11-16 20:59:53','2019-11-25 20:59:53',NULL),(149,19,'commodi','Quis sint officia eum perspiciatis repellendus. Ut eligendi incidunt iusto incidunt. Ea fuga ut cupiditate fugit consequatur magnam neque.','2020-01-06 15:17:04','2020-01-07 15:17:04',NULL),(150,11,'sit','Consequatur autem officia ratione aut cum neque. Reiciendis aut sed inventore. Omnis rerum ad eveniet omnis. Illo repellendus est quia mollitia.','2020-01-08 16:26:29','2020-01-18 16:26:29',NULL);
/*!40000 ALTER TABLE `step_children` ENABLE KEYS */;
UNLOCK TABLES;

--
-- Table structure for table `steps`
--

DROP TABLE IF EXISTS `steps`;
/*!40101 SET @saved_cs_client     = @@character_set_client */;
/*!40101 SET character_set_client = utf8 */;
CREATE TABLE `steps` (
  `id` bigint(20) unsigned NOT NULL AUTO_INCREMENT,
  `user_id` bigint(20) NOT NULL,
  `title` varchar(191) COLLATE utf8mb4_unicode_ci NOT NULL,
  `category` varchar(191) COLLATE utf8mb4_unicode_ci DEFAULT NULL,
  `achievement_time` varchar(191) COLLATE utf8mb4_unicode_ci DEFAULT NULL,
  `content` text COLLATE utf8mb4_unicode_ci NOT NULL,
  `created_at` timestamp NULL DEFAULT NULL,
  `updated_at` timestamp NULL DEFAULT NULL,
  `deleted_at` timestamp NULL DEFAULT NULL,
  PRIMARY KEY (`id`)
) ENGINE=InnoDB AUTO_INCREMENT=51 DEFAULT CHARSET=utf8mb4 COLLATE=utf8mb4_unicode_ci;
/*!40101 SET character_set_client = @saved_cs_client */;

--
-- Dumping data for table `steps`
--

LOCK TABLES `steps` WRITE;
/*!40000 ALTER TABLE `steps` DISABLE KEYS */;
INSERT INTO `steps` VALUES (1,1,'dolores','illum',NULL,'Cumque totam quia qui rem. Et nobis autem nulla quia eos delectus magnam voluptatibus. Quae dolores non impedit ullam. Distinctio ducimus ea assumenda in enim. Voluptates id ea perferendis nihil aut omnis.','2020-02-11 15:36:08','2020-02-23 15:36:08',NULL),(2,1,'fugit','quia',NULL,'Modi est aspernatur nihil consequatur voluptatem ipsum rerum. Animi error nemo sit ex dolorem qui voluptatem.','2020-01-05 18:42:21','2020-01-14 18:42:21',NULL),(3,1,'et','ratione',NULL,'Quis ut enim rem aut voluptatum velit minima. Et a est doloremque ut. Aut cupiditate eos at.','2019-12-17 18:59:53','2019-12-27 18:59:53',NULL),(4,3,'odit','dicta',NULL,'Non velit fugit maiores animi. Et ab a voluptas pariatur.','2020-02-12 13:09:02','2020-02-18 13:09:02',NULL),(5,1,'quos','est',NULL,'Excepturi quia officiis illum illo quos praesentium eum reiciendis. Fuga aut et eum dignissimos tenetur voluptas. Laudantium eum reiciendis quo voluptatem aliquam veritatis velit. Beatae labore earum dolores quia.','2020-01-15 09:19:13','2020-01-16 09:19:13',NULL),(6,2,'velit','voluptas',NULL,'Vel nemo magnam earum quidem quasi ducimus. Ipsam consequatur molestias minus inventore nulla occaecati non. Veniam consectetur recusandae iste saepe incidunt. Veniam minima blanditiis nihil commodi neque error.','2020-01-03 14:50:47','2020-01-16 14:50:47',NULL),(7,1,'ullam','quo',NULL,'Accusantium eveniet qui vitae natus quibusdam molestias. Laudantium consequuntur saepe velit accusamus voluptas reiciendis omnis.','2020-02-04 07:36:56','2020-02-17 07:36:56',NULL),(8,3,'doloremque','consequatur',NULL,'Non sequi sequi quia et. Quidem incidunt sed nam. Explicabo inventore eveniet accusamus nam.','2019-12-12 11:14:45','2019-12-19 11:14:45',NULL),(9,1,'consequuntur','sed',NULL,'Adipisci sequi provident modi fugit non consequatur. Aut praesentium saepe saepe dolor consectetur voluptatem. Minus expedita molestiae eum nulla quo est. Cum repellat voluptate sit vero maxime minima amet.','2019-12-20 15:59:07','2020-01-01 15:59:07',NULL),(10,2,'laborum','at',NULL,'Ullam vitae fugit deleniti. Eos ullam accusamus veniam quas labore nam vel. Aliquid vero a est. Laboriosam inventore voluptatibus ipsam totam.','2020-02-16 07:51:31','2020-02-24 07:51:31',NULL),(11,1,'doloremque','eos',NULL,'Qui quibusdam quia est dolorum consequatur iure unde. Aspernatur qui corrupti natus quisquam sed. Velit possimus ratione aperiam animi nisi est. Suscipit sed molestiae tempora voluptate.','2019-12-06 18:49:51','2019-12-20 18:49:51',NULL),(12,2,'mollitia','quas',NULL,'Dolor corrupti voluptatem dolores. Aliquid sint veritatis nihil est aut cumque libero. Exercitationem et aperiam qui illum autem.','2020-01-04 14:10:08','2020-01-15 14:10:08',NULL),(13,2,'exercitationem','corporis',NULL,'Ut vel vero facere inventore. Cupiditate omnis qui aut sequi sed.','2020-01-23 03:34:28','2020-02-02 03:34:28',NULL),(14,1,'quo','provident',NULL,'Incidunt aliquam sed doloribus qui rerum cumque omnis. Qui aut molestiae voluptate consectetur in. Culpa incidunt facilis rerum consequatur. Nihil quo asperiores reiciendis rerum facere in. Aspernatur aut a ut temporibus perspiciatis dolorem.','2020-01-20 06:40:51','2020-01-21 06:40:51',NULL),(15,3,'hic','quam',NULL,'Voluptatem doloremque velit exercitationem. Minima assumenda consectetur qui cum iure aperiam. Consequatur voluptas aut molestiae ut. Deleniti ut sequi veritatis tenetur.','2019-11-23 01:35:17','2019-11-30 01:35:17',NULL),(16,3,'aut','optio',NULL,'Sunt nam amet omnis. Voluptas dolore modi rem omnis non. Iusto voluptas laboriosam debitis eos voluptate vitae distinctio. Voluptas quidem tempore qui.','2020-01-14 19:11:04','2020-01-25 19:11:04',NULL),(17,1,'hic','cumque',NULL,'Maiores qui eos minus at est quas. Sit rerum quia dolores facilis a quod labore. Ex et dolores officia repudiandae cupiditate.','2020-02-01 06:29:20','2020-02-12 06:29:20',NULL),(18,3,'accusantium','tempore',NULL,'Facere occaecati dolores sed porro recusandae. Est natus tempore nisi et itaque odit facilis. Alias sit nam ea quis suscipit maxime error.','2020-01-14 08:08:33','2020-01-15 08:08:33',NULL),(19,3,'est','et',NULL,'Quo adipisci aut aspernatur sint odio ea. Ad vel laboriosam a impedit voluptas perferendis. Ex cumque ullam aliquid sed libero corporis officia assumenda.','2020-01-24 14:36:50','2020-01-28 14:36:50',NULL),(20,3,'labore','sunt',NULL,'Necessitatibus fuga est voluptatem voluptatibus sunt autem. Illum voluptas labore accusantium rerum modi. Natus ut autem voluptatem tempora tenetur magnam delectus quas. Maiores eius eligendi ex aut dolores.','2020-02-08 23:07:57','2020-02-20 23:07:57',NULL),(21,2,'ea','a',NULL,'Voluptatem est nihil inventore accusantium sit nihil. Harum quia doloremque qui et. In distinctio officia est.','2020-01-13 12:21:45','2020-01-21 12:21:45',NULL),(22,1,'delectus','facere',NULL,'Minus ullam corrupti autem quisquam omnis repellat. Cumque earum exercitationem aut eos asperiores. Nihil quo consequatur quibusdam qui. Ipsum molestiae corporis adipisci molestiae itaque.','2019-11-30 17:47:38','2019-12-14 17:47:38',NULL),(23,3,'temporibus','officia',NULL,'Quos minima alias quia cum recusandae vel aut. Illo ratione veritatis facere qui. Porro et rerum et aut non laboriosam.','2019-12-06 04:22:28','2019-12-14 04:22:28',NULL),(24,3,'corrupti','non',NULL,'Natus provident debitis ut rerum eius labore. Incidunt expedita ut optio. Et labore quo expedita numquam.','2020-01-24 16:36:08','2020-02-08 16:36:08',NULL),(25,3,'facilis','expedita',NULL,'Dolorem fugit aut omnis magnam molestiae ut. Enim nesciunt voluptas occaecati laboriosam dolorem. Excepturi quos est ipsum ea aut non commodi. Ut temporibus molestiae eum omnis.','2020-01-07 05:55:54','2020-01-19 05:55:54',NULL),(26,3,'eaque','qui',NULL,'Quaerat voluptatum voluptatibus neque pariatur maiores quos dolor ut. Repudiandae inventore ut porro dolores harum eveniet. Aspernatur nihil et recusandae. Consequatur molestias fuga ducimus dicta nulla dolorem repellat saepe.','2020-02-14 19:34:06','2020-02-28 19:34:06',NULL),(27,3,'et','aut',NULL,'Saepe nisi voluptas harum aspernatur mollitia dignissimos sed. Consequatur voluptatem blanditiis similique sunt. Aliquid eius vitae sit et asperiores.','2019-12-13 20:35:03','2019-12-23 20:35:03',NULL),(28,2,'eligendi','quia',NULL,'Assumenda cum sequi est est eos fuga dolorem. Eum nesciunt ut commodi sed officiis. Sit modi porro quod occaecati omnis quasi molestiae.','2020-01-14 21:47:46','2020-01-29 21:47:46',NULL),(29,2,'dignissimos','dignissimos',NULL,'Dolores aut perferendis officia consequatur qui quam voluptatem nesciunt. Odit sequi ipsa ut repudiandae ut. Labore nemo alias placeat et. Debitis cum quis architecto minus aut.','2019-11-20 03:19:59','2019-11-25 03:19:59',NULL),(30,3,'nulla','corrupti',NULL,'Eveniet sed autem est deleniti officia autem. Et expedita est aliquam eum aperiam voluptatem. Similique sequi nostrum assumenda quam consequatur. Libero tempore provident sit sed voluptatem non et.','2019-12-10 11:18:47','2019-12-25 11:18:47',NULL),(31,2,'nihil','iure',NULL,'Neque quia voluptatem cum quam debitis et. Qui repudiandae ipsum veritatis iste aut voluptas. Quod sapiente minus adipisci enim vel et cupiditate velit.','2019-11-21 01:14:32','2019-12-06 01:14:32',NULL),(32,3,'quam','hic',NULL,'Ipsa officia quo sit eius maiores in molestiae officiis. Commodi ut sunt ipsam dolor nostrum quasi. Aut voluptatibus non facere ipsa dolores. Voluptate ab necessitatibus eos.','2019-11-10 10:26:52','2019-11-20 10:26:52',NULL),(33,3,'ut','et',NULL,'Qui qui et eum est. Quam debitis possimus est ad soluta. Id blanditiis nobis voluptatem excepturi sit sunt.','2020-01-07 16:56:58','2020-01-12 16:56:58',NULL),(34,2,'accusamus','et',NULL,'Velit voluptate non ut autem. Distinctio reiciendis doloremque tenetur exercitationem autem consequatur est. Harum nesciunt sed assumenda ipsa iure vero ipsum. Nisi aut dolores numquam qui ducimus.','2020-02-13 11:39:10','2020-02-26 11:39:10',NULL),(35,3,'inventore','numquam',NULL,'Itaque ipsa optio quia exercitationem. Beatae sequi nostrum quo rerum alias. Cum culpa voluptatem reiciendis sit.','2019-12-17 13:18:38','2019-12-25 13:18:38',NULL),(36,3,'illum','ex',NULL,'Est et sed eveniet. Qui repellendus velit velit harum atque qui id sit. Aut tempore et dolorem impedit in recusandae non.','2020-01-29 23:49:02','2020-02-12 23:49:02',NULL),(37,3,'sunt','sit',NULL,'Tempora velit id at ut. Voluptate dicta asperiores veritatis cupiditate saepe sint. Quisquam hic et est autem aliquid. Repudiandae non nam quasi quisquam facilis vitae libero architecto.','2019-11-15 22:22:04','2019-11-25 22:22:04',NULL),(38,2,'laboriosam','ad',NULL,'Magni quod reiciendis perferendis magnam voluptas. Dolore beatae rerum quod nisi dolorem laboriosam et dolores. Fuga ratione aliquid explicabo voluptatem aut delectus fugit odit.','2019-12-20 08:30:37','2019-12-31 08:30:37',NULL),(39,3,'et','eligendi',NULL,'Et quibusdam repellendus suscipit nulla consequatur. Illum veritatis velit magni fugit optio distinctio ea. Autem quam suscipit quos est ut illo quisquam placeat. Voluptatum voluptatem ut maxime in. Nam quia modi nihil est.','2020-01-05 17:13:47','2020-01-18 17:13:47',NULL),(40,2,'amet','sed',NULL,'Atque facere ex rem aspernatur excepturi eveniet aut autem. Qui adipisci quia aut sit error quia maxime dignissimos.','2019-12-14 02:00:37','2019-12-24 02:00:37',NULL),(41,2,'laborum','aliquam',NULL,'Distinctio quae ut facilis. Enim unde quis et. Et odit dolores aperiam qui. Nulla nostrum ut quo natus quibusdam velit.','2020-02-04 04:24:44','2020-02-19 04:24:44',NULL),(42,1,'et','dicta',NULL,'Voluptatem dolores doloribus dolorem labore animi. Molestias quia est omnis totam. Deserunt qui corporis et esse ut voluptatem. Dignissimos est velit sit cumque ut.','2020-02-15 00:28:32','2020-02-18 00:28:32',NULL),(43,1,'eligendi','porro',NULL,'Sapiente dolor voluptas qui. Veritatis harum at officia quasi sed. Qui dolore sunt nihil reiciendis iure laboriosam.','2020-01-24 13:37:04','2020-02-06 13:37:04',NULL),(44,3,'labore','alias',NULL,'Eaque est magnam perferendis nihil ipsam. Corporis deleniti autem ut velit.','2019-11-26 17:06:12','2019-12-07 17:06:12',NULL),(45,2,'quae','consequatur',NULL,'Minus temporibus nisi deserunt ipsa aperiam accusantium sed. Rerum et neque voluptas mollitia modi adipisci.','2020-01-08 08:13:51','2020-01-19 08:13:51',NULL),(46,2,'laborum','dolor',NULL,'Reiciendis voluptatum possimus praesentium quasi quia magnam qui. Odit odit est a nulla velit est soluta modi. In hic consequatur blanditiis suscipit quis eligendi qui.','2019-11-29 07:51:36','2019-12-11 07:51:36',NULL),(47,3,'enim','atque',NULL,'Eum quidem sed aspernatur architecto dolore. Non atque vero quas et voluptatem et. Ipsum qui blanditiis quo alias sed veritatis.','2020-01-06 06:54:15','2020-01-17 06:54:15',NULL),(48,2,'ut','enim',NULL,'Doloremque impedit est aliquam sed autem consequatur incidunt. Molestiae excepturi id quibusdam tempora facere praesentium odit. Aut qui voluptatem ut recusandae nobis. Ut nihil similique adipisci. Sed minima quod consequatur deleniti.','2019-12-30 07:35:19','2020-01-12 07:35:19',NULL),(49,1,'quisquam','id',NULL,'Quod eligendi rem nobis facere perferendis in. Cupiditate omnis minima tempore quasi nesciunt quaerat. Et aut quis libero aut perspiciatis unde nam. Et neque cupiditate fugit voluptatem fugit. Nihil a rerum doloribus optio quam ab nesciunt.','2019-12-09 21:39:32','2019-12-24 21:39:32',NULL),(50,3,'voluptatem','earum',NULL,'Dolorum nisi et reiciendis nemo aliquam odio. Eos voluptas provident consequatur molestiae dolores placeat.','2019-12-11 04:48:13','2019-12-20 04:48:13',NULL);
/*!40000 ALTER TABLE `steps` ENABLE KEYS */;
UNLOCK TABLES;

--
-- Table structure for table `users`
--

DROP TABLE IF EXISTS `users`;
/*!40101 SET @saved_cs_client     = @@character_set_client */;
/*!40101 SET character_set_client = utf8 */;
CREATE TABLE `users` (
  `id` bigint(20) unsigned NOT NULL AUTO_INCREMENT,
  `name` varchar(191) COLLATE utf8mb4_unicode_ci DEFAULT NULL,
  `email` varchar(191) COLLATE utf8mb4_unicode_ci NOT NULL,
  `email_verified_at` timestamp NULL DEFAULT NULL,
  `password` varchar(191) COLLATE utf8mb4_unicode_ci NOT NULL,
  `remember_token` varchar(100) COLLATE utf8mb4_unicode_ci DEFAULT NULL,
  `temporary_new_email` varchar(191) COLLATE utf8mb4_unicode_ci DEFAULT NULL,
  `email_changed_at` timestamp NULL DEFAULT NULL,
  `pic` longtext COLLATE utf8mb4_unicode_ci,
  `bio` text COLLATE utf8mb4_unicode_ci,
  `created_at` timestamp NULL DEFAULT NULL,
  `updated_at` timestamp NULL DEFAULT NULL,
  `deleted_at` timestamp NULL DEFAULT NULL,
  PRIMARY KEY (`id`),
  UNIQUE KEY `users_email_unique` (`email`)
) ENGINE=InnoDB AUTO_INCREMENT=4 DEFAULT CHARSET=utf8mb4 COLLATE=utf8mb4_unicode_ci;
/*!40101 SET character_set_client = @saved_cs_client */;

--
-- Dumping data for table `users`
--

LOCK TABLES `users` WRITE;
/*!40000 ALTER TABLE `users` DISABLE KEYS */;
INSERT INTO `users` VALUES (1,'sakura','anko0431+general@gmail.com','2020-03-09 10:21:53','$2y$10$oDfl5jf8aEb3KJ.cpEv3EeHq6RaVA4uN1PqfHR9R2fYGY44BvCZTG',NULL,NULL,NULL,NULL,NULL,NULL,NULL,NULL),(2,'','kirine0431+general@gmail.com','2020-03-09 10:21:53','$2y$10$7GIR442V8qZWuzSZucVug.GYDePiAh8fXAp/fcvbNvOttmyJmZgGK',NULL,NULL,NULL,NULL,NULL,NULL,NULL,NULL),(3,'tukimi','mea0431+general@gmail.com','2020-03-09 10:21:53','$2y$10$oC4LsJ4AcbCjYu1dXR/isebKFw4FsEbvODMKAiXz.h/DviXoQ2zKa',NULL,NULL,NULL,NULL,NULL,NULL,NULL,NULL);
/*!40000 ALTER TABLE `users` ENABLE KEYS */;
UNLOCK TABLES;
/*!40103 SET TIME_ZONE=@OLD_TIME_ZONE */;

/*!40101 SET SQL_MODE=@OLD_SQL_MODE */;
/*!40014 SET FOREIGN_KEY_CHECKS=@OLD_FOREIGN_KEY_CHECKS */;
/*!40014 SET UNIQUE_CHECKS=@OLD_UNIQUE_CHECKS */;
/*!40101 SET CHARACTER_SET_CLIENT=@OLD_CHARACTER_SET_CLIENT */;
/*!40101 SET CHARACTER_SET_RESULTS=@OLD_CHARACTER_SET_RESULTS */;
/*!40101 SET COLLATION_CONNECTION=@OLD_COLLATION_CONNECTION */;
/*!40111 SET SQL_NOTES=@OLD_SQL_NOTES */;

-- Dump completed on 2020-03-09  1:59:04
