-- MySQL dump 10.13  Distrib 5.7.28, for Linux (x86_64)
--
-- Host: localhost    Database: homestead
-- ------------------------------------------------------
-- Server version	5.7.28-0ubuntu0.18.04.4

/*!40101 SET @OLD_CHARACTER_SET_CLIENT=@@CHARACTER_SET_CLIENT */;
/*!40101 SET @OLD_CHARACTER_SET_RESULTS=@@CHARACTER_SET_RESULTS */;
/*!40101 SET @OLD_COLLATION_CONNECTION=@@COLLATION_CONNECTION */;
/*!40101 SET NAMES utf8 */;
/*!40103 SET @OLD_TIME_ZONE=@@TIME_ZONE */;
/*!40103 SET TIME_ZONE='+00:00' */;
/*!40014 SET @OLD_UNIQUE_CHECKS=@@UNIQUE_CHECKS, UNIQUE_CHECKS=0 */;
/*!40014 SET @OLD_FOREIGN_KEY_CHECKS=@@FOREIGN_KEY_CHECKS, FOREIGN_KEY_CHECKS=0 */;
/*!40101 SET @OLD_SQL_MODE=@@SQL_MODE, SQL_MODE='NO_AUTO_VALUE_ON_ZERO' */;
/*!40111 SET @OLD_SQL_NOTES=@@SQL_NOTES, SQL_NOTES=0 */;

--
-- Table structure for table `categories`
--

DROP TABLE IF EXISTS `categories`;
/*!40101 SET @saved_cs_client     = @@character_set_client */;
/*!40101 SET character_set_client = utf8 */;
CREATE TABLE `categories` (
  `id` bigint(20) unsigned NOT NULL AUTO_INCREMENT,
  `code` int(11) NOT NULL DEFAULT '0',
  `name` text COLLATE utf8mb4_unicode_ci NOT NULL,
  `created_at` timestamp NULL DEFAULT NULL,
  `updated_at` timestamp NULL DEFAULT NULL,
  `deleted_at` timestamp NULL DEFAULT NULL,
  PRIMARY KEY (`id`)
) ENGINE=InnoDB AUTO_INCREMENT=8 DEFAULT CHARSET=utf8mb4 COLLATE=utf8mb4_unicode_ci;
/*!40101 SET character_set_client = @saved_cs_client */;

--
-- Dumping data for table `categories`
--

LOCK TABLES `categories` WRITE;
/*!40000 ALTER TABLE `categories` DISABLE KEYS */;
INSERT INTO `categories` VALUES (1,2,'プログラミング',NULL,NULL,NULL),(2,12,'英語',NULL,NULL,NULL),(3,22,'イラスト',NULL,NULL,NULL),(4,32,'漫画',NULL,NULL,NULL),(5,42,'ブログ',NULL,NULL,NULL),(6,52,'動画編集',NULL,NULL,NULL),(7,62,'スピーチ',NULL,NULL,NULL);
/*!40000 ALTER TABLE `categories` ENABLE KEYS */;
UNLOCK TABLES;

--
-- Table structure for table `challenges`
--

DROP TABLE IF EXISTS `challenges`;
/*!40101 SET @saved_cs_client     = @@character_set_client */;
/*!40101 SET character_set_client = utf8 */;
CREATE TABLE `challenges` (
  `id` bigint(20) unsigned NOT NULL AUTO_INCREMENT,
  `user_id` bigint(20) NOT NULL,
  `step_id` bigint(20) NOT NULL,
  `challenge_flg` tinyint(1) NOT NULL,
  `created_at` timestamp NULL DEFAULT NULL,
  `updated_at` timestamp NULL DEFAULT NULL,
  `deleted_at` timestamp NULL DEFAULT NULL,
  PRIMARY KEY (`id`)
) ENGINE=InnoDB DEFAULT CHARSET=utf8mb4 COLLATE=utf8mb4_unicode_ci;
/*!40101 SET character_set_client = @saved_cs_client */;

--
-- Dumping data for table `challenges`
--

LOCK TABLES `challenges` WRITE;
/*!40000 ALTER TABLE `challenges` DISABLE KEYS */;
/*!40000 ALTER TABLE `challenges` ENABLE KEYS */;
UNLOCK TABLES;

--
-- Table structure for table `clears`
--

DROP TABLE IF EXISTS `clears`;
/*!40101 SET @saved_cs_client     = @@character_set_client */;
/*!40101 SET character_set_client = utf8 */;
CREATE TABLE `clears` (
  `id` bigint(20) unsigned NOT NULL AUTO_INCREMENT,
  `user_id` bigint(20) NOT NULL,
  `step_id` bigint(20) NOT NULL,
  `step_child_id` bigint(20) NOT NULL,
  `challenge_id` bigint(20) unsigned NOT NULL,
  `clear_flg` tinyint(1) NOT NULL,
  `created_at` timestamp NULL DEFAULT NULL,
  `updated_at` timestamp NULL DEFAULT NULL,
  `deleted_at` timestamp NULL DEFAULT NULL,
  PRIMARY KEY (`id`),
  KEY `clears_challenge_id_foreign` (`challenge_id`),
  CONSTRAINT `clears_challenge_id_foreign` FOREIGN KEY (`challenge_id`) REFERENCES `challenges` (`id`) ON DELETE CASCADE
) ENGINE=InnoDB DEFAULT CHARSET=utf8mb4 COLLATE=utf8mb4_unicode_ci;
/*!40101 SET character_set_client = @saved_cs_client */;

--
-- Dumping data for table `clears`
--

LOCK TABLES `clears` WRITE;
/*!40000 ALTER TABLE `clears` DISABLE KEYS */;
/*!40000 ALTER TABLE `clears` ENABLE KEYS */;
UNLOCK TABLES;

--
-- Table structure for table `migrations`
--

DROP TABLE IF EXISTS `migrations`;
/*!40101 SET @saved_cs_client     = @@character_set_client */;
/*!40101 SET character_set_client = utf8 */;
CREATE TABLE `migrations` (
  `id` int(10) unsigned NOT NULL AUTO_INCREMENT,
  `migration` varchar(191) COLLATE utf8mb4_unicode_ci NOT NULL,
  `batch` int(11) NOT NULL,
  PRIMARY KEY (`id`)
) ENGINE=InnoDB AUTO_INCREMENT=22 DEFAULT CHARSET=utf8mb4 COLLATE=utf8mb4_unicode_ci;
/*!40101 SET character_set_client = @saved_cs_client */;

--
-- Dumping data for table `migrations`
--

LOCK TABLES `migrations` WRITE;
/*!40000 ALTER TABLE `migrations` DISABLE KEYS */;
INSERT INTO `migrations` VALUES (15,'2014_10_12_000000_create_users_table',1),(16,'2014_10_12_100000_create_password_resets_table',1),(17,'2020_02_10_193724_create_steps_table',1),(18,'2020_02_10_193826_create_step_children_table',1),(19,'2020_03_03_174119_create_challenge_table',1),(20,'2020_03_03_174623_create_clear_table',1),(21,'2020_03_20_144406_create_categories_table',1);
/*!40000 ALTER TABLE `migrations` ENABLE KEYS */;
UNLOCK TABLES;

--
-- Table structure for table `password_resets`
--

DROP TABLE IF EXISTS `password_resets`;
/*!40101 SET @saved_cs_client     = @@character_set_client */;
/*!40101 SET character_set_client = utf8 */;
CREATE TABLE `password_resets` (
  `email` varchar(191) COLLATE utf8mb4_unicode_ci NOT NULL,
  `token` varchar(191) COLLATE utf8mb4_unicode_ci NOT NULL,
  `created_at` timestamp NULL DEFAULT NULL,
  KEY `password_resets_email_index` (`email`)
) ENGINE=InnoDB DEFAULT CHARSET=utf8mb4 COLLATE=utf8mb4_unicode_ci;
/*!40101 SET character_set_client = @saved_cs_client */;

--
-- Dumping data for table `password_resets`
--

LOCK TABLES `password_resets` WRITE;
/*!40000 ALTER TABLE `password_resets` DISABLE KEYS */;
/*!40000 ALTER TABLE `password_resets` ENABLE KEYS */;
UNLOCK TABLES;

--
-- Table structure for table `step_children`
--

DROP TABLE IF EXISTS `step_children`;
/*!40101 SET @saved_cs_client     = @@character_set_client */;
/*!40101 SET character_set_client = utf8 */;
CREATE TABLE `step_children` (
  `id` bigint(20) unsigned NOT NULL AUTO_INCREMENT,
  `user_id` bigint(20) NOT NULL,
  `step_id` bigint(20) unsigned NOT NULL,
  `title` varchar(191) COLLATE utf8mb4_unicode_ci NOT NULL,
  `content` text COLLATE utf8mb4_unicode_ci NOT NULL,
  `pic` longtext COLLATE utf8mb4_unicode_ci,
  `created_at` timestamp NULL DEFAULT NULL,
  `updated_at` timestamp NULL DEFAULT NULL,
  `deleted_at` timestamp NULL DEFAULT NULL,
  PRIMARY KEY (`id`),
  KEY `step_children_step_id_foreign` (`step_id`),
  CONSTRAINT `step_children_step_id_foreign` FOREIGN KEY (`step_id`) REFERENCES `steps` (`id`) ON DELETE CASCADE
) ENGINE=InnoDB AUTO_INCREMENT=151 DEFAULT CHARSET=utf8mb4 COLLATE=utf8mb4_unicode_ci;
/*!40101 SET character_set_client = @saved_cs_client */;

--
-- Dumping data for table `step_children`
--

LOCK TABLES `step_children` WRITE;
/*!40000 ALTER TABLE `step_children` DISABLE KEYS */;
INSERT INTO `step_children` VALUES (1,3,9,'sit','Fuga voluptatum sed sit vel sit officia ut. Sit qui perferendis commodi velit fugit aperiam eos. Consequatur quis amet similique et. Non consequatur corrupti assumenda dolore.',NULL,'2020-01-04 23:05:11','2020-01-18 23:05:11',NULL),(2,1,22,'aut','Eaque sed praesentium tempore perferendis perferendis asperiores. Vero dolor atque enim debitis. Provident iste ut autem eveniet occaecati eos eum.',NULL,'2020-02-04 06:10:55','2020-02-11 06:10:55',NULL),(3,2,10,'laudantium','Voluptas alias sapiente enim aut et voluptatem. Quaerat minima hic minima et. Praesentium culpa dolores reiciendis amet a dolorem neque.',NULL,'2020-02-13 08:52:21','2020-02-25 08:52:21',NULL),(4,1,4,'occaecati','Dolor voluptatem magnam ipsum eligendi. Dicta assumenda eum ut sed aliquam repellat. Rem voluptate deserunt aperiam explicabo aut sint quisquam. Vel temporibus accusantium illum qui qui quis dolores.',NULL,'2020-03-08 22:01:34','2020-03-21 22:01:34',NULL),(5,1,45,'aut','Est et quia impedit quae assumenda. Fugit et alias non quo eligendi optio. Minus cumque voluptatum vero voluptatem. Tempora sed porro sint fugiat eius laborum culpa sed.',NULL,'2019-12-13 02:30:59','2019-12-16 02:30:59',NULL),(6,1,24,'dolorem','Laborum pariatur quis consequuntur. Illum quam et incidunt necessitatibus quia. Error a dolorum in necessitatibus animi rerum saepe.',NULL,'2019-12-07 06:12:58','2019-12-19 06:12:58',NULL),(7,3,7,'vitae','Maiores facilis ab quibusdam voluptatibus quia. Est debitis aut voluptate delectus ex cum vero. Dolore unde aliquid dolore voluptatem sunt.',NULL,'2020-03-06 09:39:57','2020-03-17 09:39:57',NULL),(8,2,8,'non','Voluptatem dolor sit expedita ut inventore voluptatem. Aspernatur perferendis ad officia deserunt quos enim perspiciatis sit. Et odio quod tempora eveniet omnis similique nulla numquam.',NULL,'2020-01-21 07:10:49','2020-01-24 07:10:49',NULL),(9,1,25,'aut','Ipsa quis tempora aspernatur quia. Doloremque reiciendis eos rerum corporis voluptates sequi. Ullam eaque consequatur enim repellat.',NULL,'2019-12-27 14:55:34','2019-12-31 14:55:34',NULL),(10,3,12,'eos','Et dolores necessitatibus culpa veritatis aliquam libero nam. Commodi et minus ut perspiciatis laboriosam. Eum earum qui dolorem cumque perferendis. Sunt molestiae cupiditate dolores itaque atque.',NULL,'2019-12-07 04:45:10','2019-12-11 04:45:10',NULL),(11,2,19,'et','Cumque fugit cumque molestias. Maxime sunt dolor voluptatem quo delectus vero. Non quaerat sint amet assumenda. Placeat aliquam error quis ea temporibus quaerat sapiente.',NULL,'2020-01-17 19:48:11','2020-01-20 19:48:11',NULL),(12,1,31,'iste','Sed aperiam accusamus molestiae et molestiae. Pariatur voluptatem incidunt voluptatem cumque consequuntur non aut. Necessitatibus a et recusandae ipsum voluptates provident. Tempora illum voluptate in sequi.',NULL,'2019-12-11 04:35:51','2019-12-16 04:35:51',NULL),(13,1,13,'aut','Recusandae et ab cupiditate. Officiis placeat corrupti reiciendis a. Ut deserunt rem aut dignissimos quia hic officia. Explicabo harum cumque soluta perferendis. Itaque officia in qui perspiciatis nostrum.',NULL,'2020-01-28 16:12:20','2020-02-11 16:12:20',NULL),(14,3,23,'ullam','Repellat doloribus modi porro esse maxime labore. Quae doloribus dolore hic magnam dolores. In vel cum reprehenderit qui animi reiciendis cupiditate.',NULL,'2020-01-24 20:48:34','2020-02-08 20:48:34',NULL),(15,1,44,'est','Aspernatur architecto non aliquid et aut quo repellendus voluptatem. Voluptate facere iure voluptas eum ut. Ut et aut ea ipsa dolor aliquid repellat perspiciatis. Ipsa porro libero voluptas similique fugit sapiente.',NULL,'2020-02-06 19:34:08','2020-02-12 19:34:08',NULL),(16,1,24,'voluptas','Voluptas dolor ea accusamus velit corrupti eligendi corporis. Sed consequatur qui reiciendis occaecati atque. Mollitia ut ipsam possimus error nam ab. Consequatur fugit quod aut earum temporibus corporis.',NULL,'2020-01-24 15:49:06','2020-01-26 15:49:06',NULL),(17,1,1,'rerum','Voluptas praesentium explicabo quo consequatur tempora. Aut in corrupti non et consequuntur. In nisi et in in. Atque vero hic maxime ex ut excepturi cum.',NULL,'2019-12-07 11:20:23','2019-12-17 11:20:23',NULL),(18,3,27,'illo','Error distinctio libero pariatur magnam id aliquid deserunt. Omnis praesentium accusamus dignissimos qui magnam ducimus vel. Quia aut nulla quo tempore a ipsum quasi. Labore modi ullam doloremque nihil sunt necessitatibus deleniti.',NULL,'2019-12-23 15:42:41','2020-01-03 15:42:41',NULL),(19,3,35,'ut','Non tempore beatae est quis qui inventore. Quidem consectetur rem blanditiis atque cumque. Qui repellat minus tempora laudantium quaerat officiis.',NULL,'2020-02-29 13:44:05','2020-03-05 13:44:05',NULL),(20,2,21,'alias','Rerum quia est recusandae dolore harum accusamus aut ducimus. Ullam ullam animi harum officia id et et iure. Repudiandae qui sed quibusdam aut necessitatibus fugiat.',NULL,'2019-12-13 21:17:53','2019-12-28 21:17:53',NULL),(21,2,35,'veritatis','Quod nesciunt vitae mollitia consectetur. Voluptatem neque eius ducimus eaque velit recusandae laborum impedit. Autem maiores officia id sit. Amet eum laudantium autem voluptate ut in corporis facere.',NULL,'2020-03-11 14:03:40','2020-03-15 14:03:40',NULL),(22,2,27,'veritatis','Nam facilis ut est aut. Nobis et architecto voluptatem minima neque nihil repellendus. Aut laudantium omnis dolore nobis sint.',NULL,'2020-02-21 21:48:57','2020-02-29 21:48:57',NULL),(23,3,22,'corporis','Iste est odio nihil et ut. Distinctio nobis vitae sed hic enim. Reprehenderit animi quod error error.',NULL,'2020-02-26 08:02:57','2020-02-28 08:02:57',NULL),(24,1,11,'rerum','At nihil fuga delectus. Quo voluptatum est ullam consectetur provident debitis. Soluta natus non adipisci ut et qui.',NULL,'2020-01-02 16:04:01','2020-01-17 16:04:01',NULL),(25,2,40,'voluptates','Et id voluptas et dignissimos. Reprehenderit voluptatibus sit autem quia maiores facilis quis velit.',NULL,'2020-01-14 03:53:46','2020-01-18 03:53:46',NULL),(26,2,12,'rem','Illum odit nam necessitatibus est laudantium ab incidunt. Molestias similique consequuntur sit pariatur voluptatem. Eius iure nam temporibus animi officiis ipsum ea. Maiores quia voluptatibus natus dolores deserunt esse doloremque libero. Porro quidem corporis vero accusantium suscipit reiciendis.',NULL,'2020-03-09 22:00:43','2020-03-18 22:00:43',NULL),(27,1,12,'ex','Omnis molestiae voluptatem facilis. Omnis tenetur quis aut enim est laudantium inventore enim. Esse quisquam deleniti pariatur id porro libero et officia. Consequuntur sed iusto ipsam sed possimus consequatur ad.',NULL,'2019-12-15 22:33:36','2019-12-20 22:33:36',NULL),(28,2,13,'consequatur','Aliquid earum et dignissimos perferendis aut ullam. Accusamus aut non aut sint ducimus. Error laboriosam odit voluptatem non perferendis molestiae.',NULL,'2020-03-11 06:10:33','2020-03-19 06:10:33',NULL),(29,2,30,'repellat','Aut unde est eius animi necessitatibus minima commodi. Quis in cum ducimus eum omnis omnis consequatur. Nulla labore et molestiae illum consectetur.',NULL,'2020-02-03 19:39:31','2020-02-18 19:39:31',NULL),(30,2,28,'nulla','Voluptatem sapiente dolorem repudiandae qui magnam quisquam. Nostrum architecto qui enim eum consectetur consectetur. Aspernatur aut incidunt libero beatae nemo.',NULL,'2020-02-06 02:20:24','2020-02-19 02:20:24',NULL),(31,1,18,'sunt','Occaecati repellat fugit earum sed qui veniam harum veritatis. Accusamus ducimus laborum suscipit pariatur dicta quam dolorem. Rerum autem aut odio voluptate eum. Nam placeat quaerat ut saepe a cumque molestiae.',NULL,'2020-02-10 22:36:48','2020-02-15 22:36:48',NULL),(32,2,35,'minima','Odit explicabo mollitia dolores adipisci. Id ea voluptas tempora dolorem cumque deleniti. Ex nisi architecto optio quo explicabo.',NULL,'2020-02-11 02:19:59','2020-02-21 02:19:59',NULL),(33,2,15,'qui','Praesentium numquam ducimus ut sed. Mollitia soluta voluptates assumenda optio sapiente. Architecto sit voluptas aut pariatur alias. Corporis ut quis fuga.',NULL,'2019-12-27 17:06:58','2019-12-30 17:06:58',NULL),(34,1,7,'officia','Eaque similique quo adipisci vero qui asperiores. Ut modi nihil maiores rerum tenetur velit. Et blanditiis dolorem illum aut modi numquam ipsam. Officia quas sunt ducimus.',NULL,'2020-01-15 23:11:33','2020-01-16 23:11:33',NULL),(35,1,47,'eius','Veritatis consequatur maxime non magni. Laudantium ut et temporibus eaque. Ipsa laborum non quibusdam. Magni voluptatem facere et et a quaerat.',NULL,'2020-01-22 01:49:29','2020-01-27 01:49:29',NULL),(36,3,32,'optio','Est quasi et reprehenderit sint maxime. Officia rerum quisquam odio. Vel veniam non et. Natus in cum aspernatur quibusdam ducimus facilis. Fuga eaque sint quos.',NULL,'2019-12-18 20:34:36','2019-12-30 20:34:36',NULL),(37,2,41,'et','Fugit sint aut et itaque facilis quia. Rerum consequatur perferendis numquam omnis saepe nemo. Et et omnis voluptas et. Qui consequatur corrupti ullam dolores impedit eius.',NULL,'2020-01-03 05:54:15','2020-01-12 05:54:15',NULL),(38,2,18,'est','Quis ut ut eius voluptatem eligendi dignissimos. Et nisi vel non sint et.',NULL,'2020-01-15 06:39:20','2020-01-19 06:39:20',NULL),(39,3,19,'tempore','Atque aut dolores consequatur est occaecati dolorem dolores. Magnam est voluptatibus laboriosam qui. Perferendis laudantium facere in accusantium maiores eum.',NULL,'2019-12-20 17:03:35','2019-12-25 17:03:35',NULL),(40,3,19,'dolores','Consequatur delectus iusto cupiditate culpa in officia non. Deserunt omnis voluptate qui esse. Reiciendis consectetur sint odio perspiciatis et. Esse consequatur tenetur dolores ut excepturi voluptate.',NULL,'2020-03-08 13:04:03','2020-03-18 13:04:03',NULL),(41,2,36,'dignissimos','Sequi non nostrum amet molestiae nemo. Quaerat maxime vel aliquid veritatis. Dolorem ut ea repellendus quas et autem. Consequatur sit autem et nisi magnam omnis.',NULL,'2020-03-08 22:33:18','2020-03-15 22:33:18',NULL),(42,3,24,'esse','Debitis molestiae dolore odit accusamus odit nihil. Ratione temporibus quia neque architecto. Aut voluptatum veritatis aspernatur id.',NULL,'2019-12-16 07:28:58','2019-12-19 07:28:58',NULL),(43,3,8,'ipsum','Eum ut omnis praesentium soluta id omnis. Recusandae autem veniam voluptas soluta in corrupti.',NULL,'2020-03-05 14:26:17','2020-03-18 14:26:17',NULL),(44,3,46,'unde','Itaque nesciunt possimus saepe qui nesciunt. Aliquid rerum ut ut eum eum totam. Sunt magnam consequatur iusto repudiandae corporis. Veritatis et a ipsa beatae molestiae.',NULL,'2020-02-22 01:18:33','2020-03-07 01:18:33',NULL),(45,2,34,'numquam','A et dolorem cumque optio eaque. Qui non esse quis est ullam sunt. Qui a dicta ea iusto.',NULL,'2020-02-02 23:12:49','2020-02-06 23:12:49',NULL),(46,2,4,'pariatur','Eum repudiandae omnis dolores quia. Dolor asperiores expedita repellendus eum quia consequatur. Et possimus quia qui sapiente perferendis quo dolores. Aliquid quasi iure quas reiciendis.',NULL,'2020-02-12 01:35:58','2020-02-20 01:35:58',NULL),(47,2,47,'aliquid','Neque incidunt in quibusdam occaecati in. Consequatur nihil sunt architecto ullam. Dolorum soluta delectus molestiae error cupiditate qui. Omnis sint quaerat assumenda.',NULL,'2020-01-01 05:40:57','2020-01-06 05:40:57',NULL),(48,1,21,'est','Beatae atque doloribus aut ipsum. Ut aspernatur corporis est est nesciunt distinctio. Adipisci ut expedita possimus aut tenetur. Deleniti rerum non vel iusto sed aliquid fuga.',NULL,'2019-12-11 09:07:19','2019-12-21 09:07:19',NULL),(49,1,43,'ducimus','Fugiat sed eos ut nulla quas. Illo qui possimus voluptatem in aut quisquam inventore. Ut pariatur eligendi non voluptatem.',NULL,'2019-12-27 03:11:57','2020-01-06 03:11:57',NULL),(50,2,27,'officia','Explicabo odit ducimus eum quis aut et. Quia nulla alias eum impedit natus.',NULL,'2019-12-20 11:26:25','2019-12-26 11:26:25',NULL),(51,3,4,'esse','Illum in dolores necessitatibus sit quibusdam. Neque ut sunt illum necessitatibus ut. Aut porro omnis consequuntur earum. Sit sunt saepe est aut culpa iusto.',NULL,'2020-02-17 05:32:42','2020-02-23 05:32:42',NULL),(52,2,26,'ratione','Nesciunt consequatur natus non ipsam occaecati. Voluptas unde sit esse cum voluptate dolor. Libero cupiditate incidunt minus doloremque.',NULL,'2020-02-12 06:48:36','2020-02-18 06:48:36',NULL),(53,2,6,'dolorum','Sed voluptates est fuga quam architecto cupiditate. Minima dolorem modi aut ullam temporibus qui facilis ea. Nihil fugiat laudantium quasi molestiae a recusandae et.',NULL,'2020-01-24 11:12:43','2020-02-04 11:12:43',NULL),(54,3,26,'dignissimos','Voluptatibus qui architecto dolorum. Minus est commodi sapiente et eius exercitationem dolores voluptate. Ratione beatae sed nemo porro.',NULL,'2020-03-10 05:19:30','2020-03-17 05:19:30',NULL),(55,2,7,'asperiores','Quis rerum deserunt sed et id. Consequatur et sequi error vel quae nesciunt autem. Et pariatur modi doloribus et a est. Et minima consequatur quia deserunt placeat. Quibusdam ratione libero distinctio qui asperiores maiores quaerat fuga.',NULL,'2020-01-03 20:49:10','2020-01-18 20:49:10',NULL),(56,3,12,'tempora','Necessitatibus et dolore praesentium id sit. Explicabo autem quod sed laudantium dolor. Ullam neque commodi enim. Beatae amet facilis quo quas possimus.',NULL,'2020-02-15 06:12:21','2020-02-28 06:12:21',NULL),(57,1,44,'cumque','Dolorum et dolor sequi. Quisquam aliquam repellat natus ex doloremque qui officia. Necessitatibus laudantium omnis dolorem et.',NULL,'2019-12-29 22:13:37','2020-01-06 22:13:37',NULL),(58,1,35,'sunt','Enim fuga officiis recusandae labore quo eveniet aliquam. Rerum impedit harum exercitationem voluptate quis sed. Quos eveniet ab occaecati fuga ducimus. Iusto omnis illum amet possimus dolores qui.',NULL,'2019-12-04 04:15:04','2019-12-08 04:15:04',NULL),(59,3,4,'consectetur','Ut aut sint recusandae reiciendis. Vitae illum esse occaecati eos harum odio officiis. Enim voluptatum qui et possimus molestiae est. In sequi et aliquam fugiat.',NULL,'2020-02-16 02:40:48','2020-02-22 02:40:48',NULL),(60,1,43,'dolor','Quae aliquid hic quidem non autem. Quo sapiente iusto totam et nihil. Voluptas amet impedit mollitia ut sint enim quia eaque.',NULL,'2019-12-06 00:43:27','2019-12-16 00:43:27',NULL),(61,2,24,'quia','Cumque quidem in illo in voluptatem odit unde rerum. Cum voluptate modi deserunt nam quidem vel.',NULL,'2020-01-28 08:54:41','2020-02-10 08:54:41',NULL),(62,2,44,'maiores','Laudantium nihil nam adipisci tempore. Cupiditate et aliquam nemo amet. Explicabo ex ipsum sed inventore dicta. Quo iusto sit inventore ut quisquam et repellat.',NULL,'2019-12-12 05:07:26','2019-12-22 05:07:26',NULL),(63,3,3,'aut','Ullam harum ut libero expedita maiores facilis saepe. Incidunt enim blanditiis sit. Non reprehenderit soluta aliquid facilis. Vel omnis et dolores.',NULL,'2020-02-07 11:04:28','2020-02-08 11:04:28',NULL),(64,2,36,'maiores','Voluptatem labore quo assumenda quia a modi. Sed id aliquid id et perferendis dolore nostrum. Assumenda mollitia dignissimos sed ipsam fuga voluptate. Et unde commodi molestias est in. Qui sit quae voluptate ea est aspernatur magni.',NULL,'2020-01-24 03:16:20','2020-01-29 03:16:20',NULL),(65,3,3,'laboriosam','Provident dolore inventore voluptatibus omnis ab dicta ratione. Debitis tenetur quas voluptatem quasi aut odio. Consectetur aliquam numquam ad quia dolorum iure officiis.',NULL,'2020-01-04 21:45:48','2020-01-13 21:45:48',NULL),(66,2,6,'quos','Provident id aut voluptas voluptas odio asperiores. Fuga pariatur quia aliquam sunt ullam voluptatibus fugiat. Aliquid voluptatem deserunt enim sunt. Et sed consequuntur nisi officia.',NULL,'2020-02-11 11:57:24','2020-02-18 11:57:24',NULL),(67,1,41,'incidunt','Quae aut voluptates repellat magnam voluptas repellat. Dolores animi ratione itaque quae ad tempora. Sit autem consectetur facilis corporis.',NULL,'2019-12-10 09:52:53','2019-12-13 09:52:53',NULL),(68,1,3,'fugit','Suscipit aspernatur placeat pariatur non numquam voluptatem dolor et. Culpa nemo velit aut dolor expedita consequatur a. Eum deleniti quos ut incidunt optio. Voluptas eum qui et non minus qui.',NULL,'2020-03-07 18:11:28','2020-03-17 18:11:28',NULL),(69,1,14,'ut','Qui voluptatem qui aut id consequatur. Fugit voluptatem sunt quam dolores dolor. Nisi illum quia eaque atque commodi dolorem magnam expedita. Atque voluptatem accusantium aliquid id placeat dolor.',NULL,'2020-03-04 04:50:24','2020-03-17 04:50:24',NULL),(70,2,46,'quas','Pariatur molestiae accusamus odit nesciunt dignissimos quod cumque qui. Recusandae consequatur quis aut sed. Consequatur quia omnis doloribus non accusamus rerum.',NULL,'2019-12-17 16:45:44','2019-12-26 16:45:44',NULL),(71,3,28,'animi','Repellendus veniam corrupti error perferendis. Accusamus rerum incidunt veniam quas corrupti omnis. Quos et pariatur facilis omnis dolorem. Illo qui minus a quibusdam fugiat. Nihil maxime velit voluptate deleniti perspiciatis laudantium.',NULL,'2020-01-27 19:55:17','2020-02-07 19:55:17',NULL),(72,2,27,'doloremque','Temporibus ut consequuntur dolorum sit sit earum. Ea est excepturi molestiae distinctio pariatur cumque sit.',NULL,'2020-02-23 22:37:42','2020-03-03 22:37:42',NULL),(73,2,26,'eos','Quisquam reprehenderit omnis sit minus sapiente. Vero est illo fugit ad aut. Assumenda doloribus error vero vitae labore. Iusto sunt rerum officia dolorem quo officiis. Reprehenderit molestiae ipsam tenetur omnis est odit aliquid.',NULL,'2020-02-29 01:24:50','2020-03-13 01:24:50',NULL),(74,3,46,'dolore','Ipsam non officia quos odio ut. Atque exercitationem vero possimus dolor. Voluptatem officiis qui fugit non aut. Aut eos dolor explicabo et consectetur.',NULL,'2020-02-11 12:52:55','2020-02-22 12:52:55',NULL),(75,3,16,'voluptatum','Autem quia est placeat et. Consequatur illo aliquam aut ad.',NULL,'2019-12-05 17:49:11','2019-12-15 17:49:11',NULL),(76,1,35,'sint','Dolorem perspiciatis consequatur et fugiat non rerum rerum. Eos odio eius perspiciatis. Similique eos minima aut aliquam facilis labore voluptate et.',NULL,'2020-02-18 14:52:28','2020-03-04 14:52:28',NULL),(77,1,33,'quo','Quo odio et quia qui dolorum cumque omnis. Exercitationem magni occaecati ea. Quia id eveniet aperiam voluptatem. Omnis eligendi voluptas voluptas atque qui.',NULL,'2019-12-15 11:35:05','2019-12-27 11:35:05',NULL),(78,1,6,'et','Distinctio id a exercitationem et autem. Ullam architecto deleniti et distinctio. Eius necessitatibus aspernatur esse autem ex consequatur rerum. Odio quia voluptatem explicabo harum autem sint nemo.',NULL,'2019-12-09 01:18:04','2019-12-24 01:18:04',NULL),(79,1,7,'asperiores','Neque ex molestias laborum ratione laudantium autem. Voluptatem deserunt ipsa sed ad eos commodi animi. Eveniet autem consequatur cupiditate illo.',NULL,'2020-03-09 16:01:37','2020-03-23 16:01:37',NULL),(80,2,41,'quis','Dolores quaerat possimus iure non fugiat ipsam quis. Officiis alias nam sit est.',NULL,'2020-02-17 02:05:57','2020-02-19 02:05:57',NULL),(81,1,3,'sint','Maiores officiis aliquid dolorem. Aut natus cupiditate occaecati aut. Et perferendis quae eaque pariatur ut delectus.',NULL,'2020-01-28 21:48:00','2020-02-01 21:48:00',NULL),(82,1,14,'nulla','Exercitationem incidunt nostrum ut. Numquam consequatur quo autem ut a. Esse occaecati neque adipisci assumenda itaque. Quas minus nihil ipsa et. Pariatur aut provident labore quo quia dolores.',NULL,'2019-12-30 08:28:19','2020-01-06 08:28:19',NULL),(83,3,48,'sint','Ut incidunt maiores vel eius. Expedita ad delectus earum est veritatis eum nemo. Incidunt nemo doloribus aut voluptas quia velit. Et dolorem aliquid nam quia. Voluptatem amet molestias deleniti quas qui itaque.',NULL,'2019-12-26 12:37:50','2020-01-10 12:37:50',NULL),(84,1,28,'veritatis','Unde autem amet eum enim. Quisquam voluptatem quae culpa dicta eos. Qui laboriosam atque corrupti cumque deserunt. Culpa non suscipit illum aut recusandae tenetur necessitatibus.',NULL,'2020-03-05 22:05:23','2020-03-18 22:05:23',NULL),(85,2,16,'quas','Accusamus laborum et tenetur qui et. Et dignissimos explicabo est et culpa tempora. Voluptatem vel ut ipsa sit rerum rerum culpa.',NULL,'2020-03-02 04:25:20','2020-03-15 04:25:20',NULL),(86,3,43,'occaecati','Et consequatur repellendus ad aliquid. Molestiae et illum ut. Quo ex aut vero qui. Sit a earum debitis et atque aut. Asperiores tenetur animi temporibus voluptatum odio voluptatem sed.',NULL,'2020-02-22 19:37:15','2020-02-24 19:37:15',NULL),(87,2,40,'possimus','Similique in non illum adipisci ex. Ab dolorem vero omnis similique repellendus ab qui. Expedita consequatur id quia atque. Quia iste exercitationem aut aut quia.',NULL,'2020-01-31 08:37:29','2020-02-07 08:37:29',NULL),(88,3,43,'molestiae','A similique quae sunt. Ut corrupti sed deleniti dolorem voluptatem. Voluptas reprehenderit est voluptas distinctio illo omnis. Et odio occaecati et et.',NULL,'2020-01-23 22:30:59','2020-01-29 22:30:59',NULL),(89,1,16,'occaecati','Et veniam laborum id quidem. Explicabo vel quas aperiam nesciunt. Qui corrupti tempore aspernatur corrupti ipsam voluptatum.',NULL,'2019-12-14 22:09:33','2019-12-22 22:09:33',NULL),(90,3,15,'explicabo','Et deserunt perspiciatis unde dolores eum. Minima alias et culpa suscipit voluptatem sapiente dolore. Esse consequatur sed voluptatem qui et sed optio.',NULL,'2020-01-22 20:29:43','2020-01-26 20:29:43',NULL),(91,2,43,'aut','Tempora possimus ipsam omnis sit beatae iste aut accusantium. Provident iusto modi est sequi ducimus hic ipsam. Tempora adipisci odio dolorum ea facilis suscipit explicabo.',NULL,'2019-12-28 23:27:30','2020-01-10 23:27:30',NULL),(92,1,5,'illo','Inventore numquam accusamus aut aliquid. Error voluptate unde pariatur eligendi.',NULL,'2020-02-03 23:03:21','2020-02-10 23:03:21',NULL),(93,2,39,'itaque','Ea debitis ratione et cumque. Eum omnis nemo minima est dignissimos. Tempore enim dolores molestiae molestias veritatis asperiores temporibus.',NULL,'2020-02-06 08:14:55','2020-02-07 08:14:55',NULL),(94,2,32,'temporibus','Ad quis possimus nisi corrupti quia nobis officiis. Quidem fugit ad assumenda possimus non sint. Eaque et laboriosam ut eum. Assumenda voluptas assumenda dolorem sapiente laboriosam vel.',NULL,'2020-01-28 20:45:43','2020-01-29 20:45:43',NULL),(95,3,39,'et','Non consequatur fugiat ut accusamus. Eveniet est totam adipisci voluptatem voluptatibus aut consequuntur. Nulla dicta et omnis.',NULL,'2019-12-22 18:09:32','2019-12-27 18:09:32',NULL),(96,3,45,'sed','Omnis quaerat hic mollitia rerum vitae. Iusto cum ab facilis. Et perferendis sed enim dolor qui.',NULL,'2019-12-04 06:10:43','2019-12-17 06:10:43',NULL),(97,3,35,'molestiae','Sit labore sit qui ut cupiditate tempora reiciendis. Ab quia asperiores perferendis tempore. Vero quisquam unde nesciunt.',NULL,'2020-01-03 11:41:30','2020-01-10 11:41:30',NULL),(98,3,29,'commodi','Tempore similique maxime et eos fugiat laboriosam voluptatem. Qui necessitatibus eveniet iure id sed consectetur voluptatem. Nesciunt natus voluptatem tempore. Et maiores rerum ut omnis in rerum similique assumenda. Beatae quis numquam totam magni dolor rerum saepe.',NULL,'2020-02-09 05:03:39','2020-02-18 05:03:39',NULL),(99,1,9,'velit','Hic sit illo sed. Quasi natus iusto sequi dignissimos quaerat. Sunt perspiciatis praesentium in magni.',NULL,'2020-02-25 13:39:26','2020-02-29 13:39:26',NULL),(100,1,47,'provident','Blanditiis minus eveniet sapiente at sit. Vel sint inventore eum cum non dolorum sapiente. Expedita ea alias iure provident.',NULL,'2020-01-19 08:38:59','2020-01-27 08:38:59',NULL),(101,1,44,'atque','Vitae similique quae quia sed nobis. Atque adipisci vero accusantium tenetur. Commodi quasi quasi sed optio distinctio quia.',NULL,'2020-02-02 13:50:27','2020-02-04 13:50:27',NULL),(102,1,10,'sed','Odit sit dolore non excepturi error et doloribus. Ut nostrum sit omnis voluptatem voluptas. Enim ut in quo quo. Amet rerum rerum cum. Assumenda labore suscipit quos.',NULL,'2020-03-07 18:35:59','2020-03-21 18:35:59',NULL),(103,3,44,'molestias','Accusamus voluptas sit libero sit saepe voluptatum ea. Dignissimos blanditiis ut et soluta distinctio. Mollitia ut sed sint omnis. Sint nesciunt accusantium minima similique.',NULL,'2019-12-25 04:00:40','2020-01-03 04:00:40',NULL),(104,3,45,'sint','Quia eius ut non et natus. Magnam fugit et autem sunt corporis corrupti.',NULL,'2020-01-18 17:37:40','2020-01-20 17:37:40',NULL),(105,1,44,'voluptas','Aspernatur omnis sunt cupiditate deleniti aut sunt. Vitae quam facere repellendus.',NULL,'2020-01-13 03:39:15','2020-01-21 03:39:15',NULL),(106,1,15,'rerum','Quibusdam similique molestias officia animi ex. Ut minima ab dolorum facere dolore fugiat quidem. Voluptas perspiciatis ut id cupiditate fuga.',NULL,'2019-12-23 18:00:16','2019-12-26 18:00:16',NULL),(107,2,10,'qui','Quia facilis ut necessitatibus fugiat ex. Explicabo et sed cum aut. Magni placeat ex ea ipsum excepturi dignissimos sapiente porro. Tenetur delectus perferendis natus sed facere necessitatibus.',NULL,'2020-02-26 16:27:01','2020-03-05 16:27:01',NULL),(108,2,29,'sit','Illo voluptatem molestiae sit error accusamus. Voluptatem nihil quas accusantium. Veniam quas sit non vero dolores ut.',NULL,'2020-02-23 06:55:12','2020-02-25 06:55:12',NULL),(109,3,45,'consectetur','Qui aliquid omnis consequatur quia officiis exercitationem. Voluptatem repellendus non voluptas quidem. Quidem aspernatur qui fugiat ipsa ex et. Consequatur consequatur reprehenderit nobis et. Ducimus inventore libero consectetur possimus dolorum.',NULL,'2020-03-06 06:26:35','2020-03-14 06:26:35',NULL),(110,1,43,'reprehenderit','Sequi nobis consequatur et in dolor doloribus. Exercitationem praesentium expedita animi vel consequatur et nam. Quia est dolor laboriosam culpa voluptates et accusamus nisi. Numquam non eos eos dolor quia. Sunt voluptatibus soluta repellat molestiae.',NULL,'2020-01-20 00:09:31','2020-01-30 00:09:31',NULL),(111,1,16,'tempore','Dignissimos ex a sint ea molestiae optio suscipit omnis. Dolor et placeat eum illum. Sit tenetur quo hic nulla laboriosam et est nulla. Laborum quis delectus ad ut voluptatem deleniti facere.',NULL,'2020-02-12 16:27:09','2020-02-27 16:27:09',NULL),(112,1,48,'est','Nam ad blanditiis ex doloribus eum. Nostrum nihil eos eos doloribus aut laboriosam molestiae. Vero sit voluptas ut in debitis repellat.',NULL,'2020-01-27 11:35:59','2020-02-11 11:35:59',NULL),(113,3,28,'nulla','Ut consequuntur distinctio rerum facilis ipsam molestias impedit. Nam asperiores vitae aperiam non in. Eveniet commodi rerum ex impedit animi dignissimos aut. Alias doloribus nihil odio ut.',NULL,'2019-12-12 04:12:36','2019-12-27 04:12:36',NULL),(114,2,36,'officia','Qui deserunt temporibus omnis pariatur iste natus fugit. Nostrum quaerat commodi quia libero qui. Corporis nam officiis pariatur error. Earum laboriosam tempore quas enim dolor.',NULL,'2019-12-28 05:45:49','2020-01-05 05:45:49',NULL),(115,3,36,'quo','Hic aliquid corporis praesentium blanditiis fuga. Consequuntur saepe iure magnam et ipsa necessitatibus. Omnis excepturi aut nemo a culpa quo. Beatae eligendi et quo voluptatibus ullam.',NULL,'2020-01-18 12:25:59','2020-01-21 12:25:59',NULL),(116,1,46,'error','Tempore at iusto porro neque cumque. Qui quis et ex est perspiciatis est. Et veniam enim temporibus aspernatur laborum enim dolore.',NULL,'2019-12-21 17:50:44','2019-12-27 17:50:44',NULL),(117,2,49,'delectus','Deleniti repellat ab sint sunt eligendi. Ut ut qui rerum aut libero et. Eos dolore nobis et totam dolorem. Voluptates commodi earum temporibus culpa et illum.',NULL,'2019-12-24 18:08:37','2020-01-06 18:08:37',NULL),(118,2,2,'nulla','Aliquid aperiam a libero nam molestiae sed. Consequatur tempore iusto omnis in rem non placeat. Enim ipsum iusto maxime.',NULL,'2019-12-15 08:46:49','2019-12-25 08:46:49',NULL),(119,3,18,'eligendi','Quae repudiandae repellendus cupiditate eum. Molestiae consectetur consectetur libero enim atque perspiciatis quasi. Consequuntur distinctio dolor aut et sunt consectetur itaque quo.',NULL,'2020-02-09 05:25:05','2020-02-22 05:25:05',NULL),(120,3,8,'nostrum','Nemo ducimus minus perspiciatis. Ut placeat officia sed nam eveniet enim. Possimus adipisci sed molestias cum perferendis. Quos a sunt eum tempore non consequatur.',NULL,'2020-02-26 00:31:27','2020-03-03 00:31:27',NULL),(121,3,1,'autem','Animi officia magnam rem quas et aut earum. Consequatur consectetur cupiditate molestiae molestiae. Qui veniam quis sed dolores dolorem. Maiores aliquid sunt dolorem itaque eius totam.',NULL,'2020-02-19 10:38:25','2020-02-21 10:38:25',NULL),(122,2,8,'ut','Sunt sit qui modi non quaerat. Illo doloribus harum veniam architecto eveniet illo quia. Doloribus eum iusto vel sed. Eum temporibus est ipsam autem. Officiis animi dolores voluptas blanditiis nostrum.',NULL,'2020-02-11 18:02:32','2020-02-20 18:02:32',NULL),(123,1,47,'quis','Repudiandae vero at inventore et ipsa. Quia porro numquam assumenda quidem. Magnam magni qui magni quo.',NULL,'2020-02-07 20:50:02','2020-02-13 20:50:02',NULL),(124,3,45,'deserunt','Sequi tenetur id nemo enim. Laboriosam velit quos est deleniti autem atque. Vitae vel tempore eum. Ratione dolores et ullam voluptatem nisi non et iusto.',NULL,'2020-01-14 17:19:03','2020-01-28 17:19:03',NULL),(125,3,27,'aspernatur','Officia omnis similique possimus id aut tenetur reprehenderit. Sapiente ab doloremque doloribus est. Consequatur occaecati modi qui placeat quae dolore eum. Labore est debitis architecto necessitatibus.',NULL,'2019-12-31 13:04:51','2020-01-06 13:04:51',NULL),(126,1,26,'qui','Quisquam eos tempora quos laudantium quis qui. Sunt vitae harum ea. Nulla in excepturi culpa perspiciatis.',NULL,'2020-01-12 05:54:42','2020-01-23 05:54:42',NULL),(127,1,46,'pariatur','Et totam dignissimos in facilis nihil est eos. Est odio accusamus ea quaerat. Possimus alias libero quia adipisci.',NULL,'2020-03-10 18:34:07','2020-03-12 18:34:07',NULL),(128,2,20,'corrupti','Expedita et accusamus nostrum esse. Doloribus sed ipsum voluptatibus voluptatem voluptatem deserunt non et. Architecto architecto eum et necessitatibus qui.',NULL,'2020-02-15 16:38:31','2020-02-25 16:38:31',NULL),(129,3,19,'doloribus','Iste ut perferendis voluptatibus. Quasi nihil in necessitatibus. Laborum quas nesciunt laboriosam. Autem inventore rerum totam repellendus et aut. Molestiae in quidem deserunt at totam.',NULL,'2020-02-26 19:04:15','2020-02-29 19:04:15',NULL),(130,1,37,'occaecati','Magnam quod reprehenderit placeat molestiae ut quos. Aut consequatur ut sit voluptatem vero. Nihil amet culpa voluptatem rerum.',NULL,'2020-02-12 01:00:48','2020-02-18 01:00:48',NULL),(131,1,21,'rem','Quia sunt id facere est. Quo totam et voluptate cupiditate labore commodi. Laboriosam eius sapiente quo nostrum debitis nemo consequatur.',NULL,'2020-01-15 12:24:59','2020-01-23 12:24:59',NULL),(132,1,11,'totam','Dolores dolor tenetur amet et aut ratione. Atque ab tenetur sunt. Quas voluptatem deserunt et enim eius pariatur et tempore. Quia nulla ut necessitatibus.',NULL,'2020-01-03 07:43:10','2020-01-05 07:43:10',NULL),(133,2,5,'et','Expedita corporis sit quas labore autem. Ullam iste in accusantium eum nisi. Placeat natus harum natus omnis.',NULL,'2020-02-18 07:42:27','2020-02-23 07:42:27',NULL),(134,2,16,'alias','Ut optio dolorem praesentium. Eos nihil laboriosam qui dolorem id veniam. Perferendis tempore voluptatem nihil architecto.',NULL,'2020-01-24 13:52:34','2020-01-31 13:52:34',NULL),(135,3,34,'aspernatur','Dolores ipsa et quaerat ullam. Doloremque dolorem sunt eos voluptatem. Recusandae et cumque iste est omnis quo. Architecto facere qui delectus cupiditate magni. Similique eum esse non doloribus ducimus facilis quas.',NULL,'2020-02-02 03:42:52','2020-02-07 03:42:52',NULL),(136,2,30,'necessitatibus','Magni laborum officiis et enim molestias sit fugit. Magni recusandae sit est aut ipsa impedit. Dolorem iusto possimus nisi inventore nulla magni consequatur. Ratione natus similique laudantium vero.',NULL,'2020-03-11 04:22:40','2020-03-25 04:22:40',NULL),(137,2,43,'ratione','Qui perferendis in et consectetur. Quisquam cumque iusto itaque iste dolorem cumque. Rerum sint sequi in.',NULL,'2020-01-16 11:33:04','2020-01-20 11:33:04',NULL),(138,3,37,'doloremque','Iste vel consequatur et veniam. Id eos laudantium et quos officiis. Laudantium vitae placeat praesentium id. Qui quia voluptatem aliquam labore quis qui.',NULL,'2020-02-20 00:22:40','2020-02-28 00:22:40',NULL),(139,1,9,'ducimus','Deleniti repudiandae aperiam deleniti laudantium dolorum aperiam qui aut. Ut delectus error aspernatur ut voluptas qui. Aut non sint fugit. Iusto autem error iste rerum.',NULL,'2020-02-11 14:49:13','2020-02-19 14:49:13',NULL),(140,2,39,'dolore','Consequatur rerum esse vero nostrum sunt consequatur. Occaecati veritatis quasi doloribus ut quia. Laborum dignissimos quis veniam id maxime rerum. Et aut sit et temporibus omnis ut praesentium molestiae.',NULL,'2019-12-12 20:56:27','2019-12-25 20:56:27',NULL),(141,3,45,'dolorem','Laboriosam molestias repellat dicta aperiam. Eius commodi veritatis et.',NULL,'2020-01-09 19:39:10','2020-01-14 19:39:10',NULL),(142,3,40,'voluptatibus','Itaque voluptatem non aliquam cum ea architecto vero. Et et rem odit saepe. Ut itaque omnis sed eligendi distinctio numquam.',NULL,'2020-02-06 09:35:27','2020-02-21 09:35:27',NULL),(143,1,39,'laboriosam','Cum iste voluptate quos. Sint hic adipisci occaecati similique nam consectetur. Rerum recusandae dolorem ex repudiandae consequuntur voluptas ad.',NULL,'2020-02-19 10:45:47','2020-02-27 10:45:47',NULL),(144,3,17,'vel','Labore consequuntur ducimus occaecati et. Veniam reiciendis ex neque et qui omnis. Nemo qui velit perferendis voluptatem ipsum harum deserunt. Ex officiis aut culpa voluptatem asperiores est rerum.',NULL,'2020-01-24 14:24:46','2020-01-27 14:24:46',NULL),(145,1,10,'ea','Architecto modi odio debitis. Ut necessitatibus corrupti aut cupiditate. In voluptatem voluptatem aliquid non sunt non et nisi.',NULL,'2019-12-03 21:57:15','2019-12-18 21:57:15',NULL),(146,1,26,'optio','Velit et aliquam est ea ab. Voluptatibus enim consequatur inventore provident omnis. Et temporibus aperiam enim temporibus eum exercitationem facilis. Quia est itaque laboriosam quisquam eaque aut praesentium.',NULL,'2020-03-02 09:47:24','2020-03-10 09:47:24',NULL),(147,3,6,'enim','Sequi fuga et perferendis deleniti ut velit quaerat. Necessitatibus odio optio neque ut nisi ut quia commodi. Minus dolor rem accusantium suscipit. Unde quo reprehenderit impedit nisi.',NULL,'2019-12-22 23:51:42','2020-01-06 23:51:42',NULL),(148,2,41,'saepe','Aperiam quo commodi dolore illum veniam aliquam rerum. Quae perferendis non nihil possimus eius enim. Exercitationem ut quibusdam quia dolor voluptas modi voluptate.',NULL,'2019-12-10 19:05:44','2019-12-21 19:05:44',NULL),(149,3,7,'voluptatum','Porro autem saepe eligendi sit. Eos deserunt nisi est modi id officiis praesentium aut. Nihil quia tempora sunt delectus et.',NULL,'2020-01-14 19:58:51','2020-01-23 19:58:51',NULL),(150,1,37,'molestiae','Qui natus dolor sed aut laboriosam molestias. Vel nihil sunt explicabo quae. Qui qui officiis blanditiis et nam. Est aut nesciunt rem corporis voluptas rerum est.',NULL,'2020-01-05 21:00:35','2020-01-11 21:00:35',NULL);
/*!40000 ALTER TABLE `step_children` ENABLE KEYS */;
UNLOCK TABLES;

--
-- Table structure for table `steps`
--

DROP TABLE IF EXISTS `steps`;
/*!40101 SET @saved_cs_client     = @@character_set_client */;
/*!40101 SET character_set_client = utf8 */;
CREATE TABLE `steps` (
  `id` bigint(20) unsigned NOT NULL AUTO_INCREMENT,
  `user_id` bigint(20) NOT NULL,
  `title` varchar(191) COLLATE utf8mb4_unicode_ci NOT NULL,
  `category_id` bigint(20) NOT NULL,
  `achievement_number` int(11) NOT NULL,
  `time` varchar(191) COLLATE utf8mb4_unicode_ci NOT NULL,
  `total_time` varchar(191) COLLATE utf8mb4_unicode_ci NOT NULL,
  `content` text COLLATE utf8mb4_unicode_ci NOT NULL,
  `pic` longtext COLLATE utf8mb4_unicode_ci,
  `created_at` timestamp NULL DEFAULT NULL,
  `updated_at` timestamp NULL DEFAULT NULL,
  `deleted_at` timestamp NULL DEFAULT NULL,
  PRIMARY KEY (`id`)
) ENGINE=InnoDB AUTO_INCREMENT=51 DEFAULT CHARSET=utf8mb4 COLLATE=utf8mb4_unicode_ci;
/*!40101 SET character_set_client = @saved_cs_client */;

--
-- Dumping data for table `steps`
--

LOCK TABLES `steps` WRITE;
/*!40000 ALTER TABLE `steps` DISABLE KEYS */;
INSERT INTO `steps` VALUES (1,3,'iusto',1,1,'時間','1時間','Fugiat repellendus aut suscipit eum aliquid vel id possimus. Voluptates nihil nihil harum optio in ut voluptatem. Sapiente quam nam eligendi aperiam nostrum. Ratione et est delectus provident illum.',NULL,'2020-02-10 04:11:40','2020-02-18 04:11:40',NULL),(2,1,'voluptatem',2,1,'時間','1時間','Doloribus placeat quibusdam eos eum nemo vel. Voluptatibus voluptates sunt quos sit et.',NULL,'2020-01-30 19:03:50','2020-02-12 19:03:50',NULL),(3,2,'laborum',2,1,'時間','1時間','Ea id ad magni illum. Libero ut vel fugit quasi eos. Neque quo aut blanditiis totam.',NULL,'2020-01-27 06:34:24','2020-01-29 06:34:24',NULL),(4,1,'provident',4,1,'時間','1時間','Ullam porro maiores amet impedit amet et. Omnis eligendi rem ratione sit sit rerum totam. Quia ea saepe ea exercitationem accusantium voluptatibus vel. Enim autem illum provident iste aspernatur veritatis.',NULL,'2020-02-21 20:39:52','2020-03-05 20:39:52',NULL),(5,3,'quis',6,1,'時間','1時間','Explicabo quis explicabo est ad eos omnis. Aspernatur laboriosam optio sint eum consectetur eos. Blanditiis dolorum dolores dolores molestias. Consequatur et ut reprehenderit.',NULL,'2020-01-17 08:59:52','2020-01-26 08:59:52',NULL),(6,2,'aut',4,1,'時間','1時間','Quis consequuntur omnis eos ut et est molestiae. Rem et cum eos quo sed in autem. Explicabo illum illo explicabo ducimus doloribus dolores beatae. Nostrum deserunt nostrum sed ab quia.',NULL,'2019-12-31 01:08:29','2020-01-05 01:08:29',NULL),(7,3,'iure',2,1,'時間','1時間','Quia delectus eligendi porro. Corrupti et cum veniam reiciendis magnam perferendis. Quas quia nisi placeat. Dolor recusandae debitis inventore aut.',NULL,'2019-12-12 15:28:58','2019-12-14 15:28:58',NULL),(8,2,'voluptas',2,1,'時間','1時間','Delectus tempore et enim sed. Vel voluptatem molestiae quia sequi reprehenderit. Culpa quia minima non enim. Natus hic cumque provident quos ex sequi veniam.',NULL,'2020-02-15 05:04:21','2020-02-23 05:04:21',NULL),(9,2,'sit',7,1,'時間','1時間','Quo laudantium aut esse ducimus aspernatur. Magnam facere laboriosam esse blanditiis. Voluptatum totam et perferendis.',NULL,'2020-02-15 19:07:23','2020-02-28 19:07:23',NULL),(10,3,'voluptatem',2,1,'時間','1時間','Iusto deserunt voluptates voluptatem ad sapiente. Saepe ea voluptatem nulla blanditiis ut repellat. Recusandae aut non eligendi molestiae. Reprehenderit provident sed alias autem quia voluptatem quos.',NULL,'2020-01-16 20:43:56','2020-01-21 20:43:56',NULL),(11,3,'tenetur',1,1,'時間','1時間','Soluta nulla perspiciatis minus ullam omnis facere est. Odio ipsam ex alias. Deserunt voluptas eveniet est fugit id. Inventore illum facere ut maxime necessitatibus id.',NULL,'2020-03-05 10:40:26','2020-03-14 10:40:26',NULL),(12,2,'quam',7,1,'時間','1時間','Dolores commodi et voluptas molestiae blanditiis. Reprehenderit soluta est nihil cupiditate qui quasi. Quia dolorem natus nostrum eveniet accusantium iste.',NULL,'2020-03-02 06:06:14','2020-03-12 06:06:14',NULL),(13,2,'quis',7,1,'時間','1時間','Aspernatur qui expedita saepe in. Quam tempora sapiente enim dolores expedita. Dolores rerum voluptate perspiciatis quis qui. Iusto qui aut nihil molestias.',NULL,'2020-01-21 18:49:50','2020-02-03 18:49:50',NULL),(14,3,'id',2,1,'時間','1時間','Accusantium facilis exercitationem molestiae dolores repellat ratione pariatur. Quibusdam quo incidunt repellendus est. Nihil minus est non consequuntur incidunt dolorem esse.',NULL,'2019-12-25 06:55:25','2019-12-30 06:55:25',NULL),(15,3,'minus',2,1,'時間','1時間','Eligendi magnam sunt id magnam voluptates. Ut libero in doloremque quis eligendi voluptas dolorem non. Laudantium quae aut ipsam enim voluptas magni.',NULL,'2020-02-17 13:17:13','2020-03-02 13:17:13',NULL),(16,1,'est',1,1,'時間','1時間','Omnis vel ut deleniti deleniti. Molestiae deserunt quia illo voluptatem in ab. Autem autem minima voluptas sed. Pariatur quibusdam reiciendis molestias neque repellat dolorem.',NULL,'2020-01-02 16:10:04','2020-01-06 16:10:04',NULL),(17,1,'iste',1,1,'時間','1時間','Ex autem voluptatum dolor assumenda sit sit iusto molestiae. Voluptate quas dolor et alias qui quis quae laboriosam.',NULL,'2020-01-31 04:55:19','2020-02-12 04:55:19',NULL),(18,3,'ut',6,1,'時間','1時間','Enim aut minus ratione ratione dolorem optio. Voluptas magnam aut architecto unde harum aspernatur debitis. Sed ut deleniti officiis.',NULL,'2020-03-10 00:36:00','2020-03-15 00:36:00',NULL),(19,3,'aliquid',7,1,'時間','1時間','Sed accusamus voluptate quia est tempore repudiandae. Vel est qui quis ut doloribus sed.',NULL,'2019-12-10 21:42:20','2019-12-21 21:42:20',NULL),(20,1,'ea',5,1,'時間','1時間','Ut iure at voluptatem est dolorem et necessitatibus quis. Sequi architecto aut maxime. Aut rerum quibusdam optio ipsam sapiente quo dolores rerum.',NULL,'2020-02-07 08:47:12','2020-02-10 08:47:12',NULL),(21,3,'nobis',2,1,'時間','1時間','Culpa natus iste perspiciatis. Est minima ut rem sequi maxime amet ad. Vel quasi ea autem autem sed cupiditate.',NULL,'2020-03-05 02:21:32','2020-03-17 02:21:32',NULL),(22,1,'exercitationem',3,1,'時間','1時間','Est et consequuntur aut enim. Esse aut aliquam voluptatibus dolores molestiae deleniti. Ratione non sint ut occaecati repellat maxime exercitationem. Labore adipisci laboriosam voluptas iure.',NULL,'2020-02-18 01:30:20','2020-02-19 01:30:20',NULL),(23,1,'voluptates',5,1,'時間','1時間','Officia soluta aut rerum hic. Odit amet totam occaecati id suscipit tempore occaecati. Cumque autem nesciunt voluptatem quisquam animi. Ipsam aperiam voluptates blanditiis iste eum quo itaque.',NULL,'2020-01-22 09:31:41','2020-02-04 09:31:41',NULL),(24,2,'officiis',5,1,'時間','1時間','Quia ratione illum iure quia nam nulla labore. Minus delectus aperiam ea rem modi. Quas omnis voluptatem assumenda fugit.',NULL,'2020-02-09 10:01:13','2020-02-21 10:01:13',NULL),(25,1,'neque',3,1,'時間','1時間','Necessitatibus voluptatum blanditiis est voluptatem. Soluta inventore corporis sapiente ducimus sunt. Ratione libero commodi officiis blanditiis ratione quidem. Aut odio iure aperiam rerum voluptatem.',NULL,'2020-02-24 01:21:27','2020-03-06 01:21:27',NULL),(26,2,'id',6,1,'時間','1時間','Quia repudiandae totam veritatis non pariatur modi deserunt sed. Est laboriosam rerum laboriosam nisi officia ipsum qui est. Porro qui aut eos provident vel odio et. Nostrum modi ex ipsum impedit velit exercitationem ut quae.',NULL,'2020-01-18 02:24:40','2020-02-02 02:24:40',NULL),(27,1,'aut',7,1,'時間','1時間','Ullam officiis praesentium omnis laudantium. A vel architecto placeat nesciunt. Repellat ab ipsam aut et quo. Omnis eos possimus rerum tempora doloribus et.',NULL,'2019-12-12 00:10:11','2019-12-13 00:10:11',NULL),(28,3,'rerum',2,1,'時間','1時間','Qui sit in sapiente fuga eum facilis et. Voluptates voluptatum nam qui sunt minima eum praesentium. Qui sed placeat debitis possimus magnam. Reiciendis consectetur quos laudantium.',NULL,'2020-01-04 06:04:15','2020-01-11 06:04:15',NULL),(29,1,'qui',3,1,'時間','1時間','Amet architecto suscipit nam et provident. Culpa rem reprehenderit dolorem maiores odit sed. Nisi nihil facere totam consequuntur ad aspernatur.',NULL,'2019-12-31 18:40:34','2020-01-01 18:40:34',NULL),(30,2,'quos',6,1,'時間','1時間','Magni sed quam eaque. Ea voluptatem est nam voluptates suscipit repudiandae ipsum. Quisquam tempora repellendus eos.',NULL,'2019-12-29 02:05:30','2020-01-08 02:05:30',NULL),(31,3,'itaque',3,1,'時間','1時間','Rerum exercitationem ratione eum. Accusantium architecto sit porro error. Suscipit et consequatur ea rerum deleniti assumenda voluptatibus excepturi.',NULL,'2020-02-03 09:50:40','2020-02-14 09:50:40',NULL),(32,1,'optio',3,1,'時間','1時間','Velit porro tempora alias qui corporis. Minima ea dignissimos sed amet sed nisi. Voluptas quas similique sequi. Quis nemo voluptatem repellendus harum corrupti atque.',NULL,'2020-01-10 22:48:21','2020-01-23 22:48:21',NULL),(33,3,'tenetur',3,1,'時間','1時間','Recusandae modi eaque inventore consequuntur minus velit et. Quisquam enim nostrum qui laborum odit quibusdam culpa. Id et quam qui perspiciatis repellat consequatur.',NULL,'2020-01-26 02:20:29','2020-01-28 02:20:29',NULL),(34,2,'ullam',2,1,'時間','1時間','Fuga atque quae qui qui architecto magnam. Culpa nesciunt repellendus pariatur quae nostrum sed. Similique consequuntur aut reiciendis ipsum doloribus natus veniam. Eum et pariatur facere veritatis aut aut qui odio.',NULL,'2019-12-21 17:26:03','2020-01-03 17:26:03',NULL),(35,1,'veniam',2,1,'時間','1時間','Blanditiis soluta eaque eius recusandae officiis reprehenderit autem. Quae nostrum quos mollitia eum. Saepe nisi accusamus non incidunt reprehenderit sed rerum. Perspiciatis et quo voluptatum dicta.',NULL,'2020-01-22 23:26:07','2020-01-27 23:26:07',NULL),(36,3,'aut',3,1,'時間','1時間','Tempora atque numquam ex voluptatem aut deleniti. Molestiae sit enim nesciunt corporis facilis nisi ut. Quas labore voluptates repudiandae voluptas eius. Quod repellat est quas libero.',NULL,'2019-12-22 14:09:32','2019-12-23 14:09:32',NULL),(37,2,'sit',4,1,'時間','1時間','Sunt et mollitia atque vel officia. Magni animi nemo earum ipsam ad est modi. Sit itaque asperiores aut veritatis qui repellendus velit enim.',NULL,'2020-02-24 01:09:49','2020-03-01 01:09:49',NULL),(38,2,'nam',3,1,'時間','1時間','Non dolore reprehenderit ut voluptate itaque. Excepturi dignissimos omnis sit labore nisi odio accusamus quis. Omnis earum fugiat dolorem corporis culpa ab. Magnam minima impedit sit assumenda quam voluptatibus.',NULL,'2020-02-12 15:44:23','2020-02-17 15:44:23',NULL),(39,2,'nam',2,1,'時間','1時間','Eum aliquid ut veritatis blanditiis iste deleniti. In sit nihil quod aliquam qui temporibus in. Laudantium est non accusantium velit dolores. Eligendi vel eos voluptatibus quas.',NULL,'2020-03-10 13:29:45','2020-03-25 13:29:45',NULL),(40,1,'blanditiis',1,1,'時間','1時間','Necessitatibus accusantium sed est aut molestias eveniet esse. Quas qui reiciendis aut perferendis. Et doloremque beatae vel voluptatum deleniti culpa sint.',NULL,'2020-01-17 06:36:25','2020-01-21 06:36:25',NULL),(41,1,'et',4,1,'時間','1時間','Et in est voluptatem. Qui in dignissimos alias rerum et. Blanditiis aut provident corporis sit.',NULL,'2020-01-15 18:24:03','2020-01-29 18:24:03',NULL),(42,1,'aperiam',1,1,'時間','1時間','Rerum esse modi repellendus laborum eius consequatur ea quos. Itaque sint maiores eos dicta ut. Placeat et ipsum quam aut alias consequatur explicabo quidem. Occaecati quos deserunt aut suscipit.',NULL,'2019-12-23 17:53:59','2020-01-04 17:53:59',NULL),(43,3,'aut',1,1,'時間','1時間','Eius aut omnis expedita sint ullam architecto nemo. Dolorem blanditiis sint porro tempore. Laborum saepe unde ratione vel. Sit deserunt provident possimus neque nisi quod.',NULL,'2020-02-04 07:44:19','2020-02-07 07:44:19',NULL),(44,1,'perferendis',2,1,'時間','1時間','Nesciunt qui dicta quo minima nobis et vel vel. Excepturi cupiditate distinctio suscipit tenetur aut alias soluta. Vel repudiandae earum ea aut officia.',NULL,'2019-12-23 05:17:45','2020-01-03 05:17:45',NULL),(45,1,'voluptatem',4,1,'時間','1時間','Fugiat reiciendis ducimus voluptate et non et architecto. Qui velit placeat veniam sunt aut ipsum.',NULL,'2020-01-09 10:38:34','2020-01-21 10:38:34',NULL),(46,1,'commodi',5,1,'時間','1時間','Rem deleniti qui explicabo sit non. Vitae et animi cumque.',NULL,'2020-01-09 14:57:00','2020-01-12 14:57:00',NULL),(47,1,'ipsam',3,1,'時間','1時間','Odio perferendis delectus reprehenderit vel omnis molestiae dolor. Ut enim ut dolores eveniet occaecati nam asperiores ut. Quo alias et architecto fugit ut aut. Laudantium ut at inventore recusandae voluptatem laborum.',NULL,'2019-12-16 09:02:05','2019-12-25 09:02:05',NULL),(48,1,'porro',3,1,'時間','1時間','Ipsum voluptas id ipsum et architecto. Quo in eligendi ea accusantium natus.',NULL,'2020-02-12 23:34:31','2020-02-19 23:34:31',NULL),(49,1,'magnam',1,1,'時間','1時間','Assumenda voluptatem reiciendis voluptatum incidunt. Quibusdam dolores consequatur voluptatem ad aut magni. Est recusandae in quia enim delectus laudantium. Odio quasi laudantium et libero et id alias.',NULL,'2020-01-28 03:58:06','2020-02-06 03:58:06',NULL),(50,3,'temporibus',1,1,'時間','1時間','Ex deleniti natus ipsam. Deserunt quisquam aperiam temporibus.',NULL,'2020-02-07 12:38:06','2020-02-20 12:38:06',NULL);
/*!40000 ALTER TABLE `steps` ENABLE KEYS */;
UNLOCK TABLES;

--
-- Table structure for table `users`
--

DROP TABLE IF EXISTS `users`;
/*!40101 SET @saved_cs_client     = @@character_set_client */;
/*!40101 SET character_set_client = utf8 */;
CREATE TABLE `users` (
  `id` bigint(20) unsigned NOT NULL AUTO_INCREMENT,
  `name` varchar(191) COLLATE utf8mb4_unicode_ci DEFAULT NULL,
  `email` varchar(191) COLLATE utf8mb4_unicode_ci NOT NULL,
  `email_verified_at` timestamp NULL DEFAULT NULL,
  `password` varchar(191) COLLATE utf8mb4_unicode_ci NOT NULL,
  `remember_token` varchar(100) COLLATE utf8mb4_unicode_ci DEFAULT NULL,
  `temporary_new_email` varchar(191) COLLATE utf8mb4_unicode_ci DEFAULT NULL,
  `email_changed_at` timestamp NULL DEFAULT NULL,
  `pic` longtext COLLATE utf8mb4_unicode_ci,
  `bio` text COLLATE utf8mb4_unicode_ci,
  `created_at` timestamp NULL DEFAULT NULL,
  `updated_at` timestamp NULL DEFAULT NULL,
  `deleted_at` timestamp NULL DEFAULT NULL,
  PRIMARY KEY (`id`),
  UNIQUE KEY `users_email_unique` (`email`)
) ENGINE=InnoDB AUTO_INCREMENT=4 DEFAULT CHARSET=utf8mb4 COLLATE=utf8mb4_unicode_ci;
/*!40101 SET character_set_client = @saved_cs_client */;

--
-- Dumping data for table `users`
--

LOCK TABLES `users` WRITE;
/*!40000 ALTER TABLE `users` DISABLE KEYS */;
INSERT INTO `users` VALUES (1,'紗倉','anko0431+general@gmail.com','2020-03-31 22:16:02','$2y$10$bllao7bGxSCwJTb/cBDQq.dm2vxSadu9RKDYvrkEpVXiKBISlH/Fm',NULL,NULL,NULL,NULL,NULL,NULL,NULL,NULL),(2,'雨風','kirine0431+general@gmail.com','2020-03-31 22:16:02','$2y$10$.9gzkN3ITGJvcDKvtfRhkeLr7PtvTpMJ50p7RvEF0zvd9lFL.61cO',NULL,NULL,NULL,NULL,NULL,NULL,NULL,NULL),(3,'月見','mea0431+general@gmail.com','2020-03-31 22:16:02','$2y$10$inRWqqOS0EhyIRozU.D/ee9ff7MRthr7IUCW0frSRfxKAWdFpexba',NULL,NULL,NULL,NULL,NULL,NULL,NULL,NULL);
/*!40000 ALTER TABLE `users` ENABLE KEYS */;
UNLOCK TABLES;
/*!40103 SET TIME_ZONE=@OLD_TIME_ZONE */;

/*!40101 SET SQL_MODE=@OLD_SQL_MODE */;
/*!40014 SET FOREIGN_KEY_CHECKS=@OLD_FOREIGN_KEY_CHECKS */;
/*!40014 SET UNIQUE_CHECKS=@OLD_UNIQUE_CHECKS */;
/*!40101 SET CHARACTER_SET_CLIENT=@OLD_CHARACTER_SET_CLIENT */;
/*!40101 SET CHARACTER_SET_RESULTS=@OLD_CHARACTER_SET_RESULTS */;
/*!40101 SET COLLATION_CONNECTION=@OLD_COLLATION_CONNECTION */;
/*!40111 SET SQL_NOTES=@OLD_SQL_NOTES */;

-- Dump completed on 2020-03-31 13:32:02
